[
    {
        "id": "66f49f52b1e3850001e4b6c2",
        "first_name": "Konrad",
        "last_name": "F",
        "linkedin_url": null,
        "title": "Co-Founder & CEO",
        "email_status": "verified",
        "photo_url": "https://media.licdn.com/dms/image/v2/D5603AQFTjfujX4nRTA/profile-displayphoto-shrink_200_200/B56ZasCh8nGUAk-/0/1746643066977?e=2147483647&v=beta&t=DbsTYpLB1DaYMu6ZxpczdlL4i4T0zIlGhb7fzT1nB58",
        "email": null,
        "company": "Quantcast",
        "organization_id": "54a116d969702d3ec0891400"
    },
    {
        "id": "57e14848a6da987dcc00fa29",
        "first_name": "Fahad",
        "last_name": "Bakir",
        "linkedin_url": "http://www.linkedin.com/in/fahadbakir",
        "title": "President",
        "email_status": "verified",
        "photo_url": "https://static.licdn.com/aero-v1/sc/h/9c8pery4andzj6ohjkjp54ma2",
        "email": null,
        "company": "Capterra",
        "organization_id": "54a11bbf69702d8ed4845800"
    },
    {
        "id": "601935b3a827720001440cc8",
        "first_name": "Naoufal",
        "last_name": "Chama",
        "linkedin_url": "http://www.linkedin.com/in/naoufalchama",
        "title": "CEO",
        "email_status": "verified",
        "photo_url": "https://static.licdn.com/aero-v1/sc/h/9c8pery4andzj6ohjkjp54ma2",
        "email": null,
        "company": "Digimind Morocco",
        "organization_id": "54a1267969702d8eebfa0300"
    },
    {
        "id": "66f81681f3aaa200011701b2",
        "first_name": "Aaron",
        "last_name": "O",
        "linkedin_url": null,
        "title": "President and COO",
        "email_status": "verified",
        "photo_url": "https://static.licdn.com/aero-v1/sc/h/9c8pery4andzj6ohjkjp54ma2",
        "email": null,
        "company": "Omeda",
        "organization_id": "54a1297769702d979c54b101"
    },
    {
        "id": "66f64870c1d7ed000103c075",
        "first_name": "Sung",
        "last_name": "C",
        "linkedin_url": null,
        "title": "Founder and CEO",
        "email_status": "verified",
        "photo_url": "https://media.licdn.com/dms/image/v2/D5603AQGWciAoUGqAEQ/profile-displayphoto-shrink_200_200/profile-displayphoto-shrink_200_200/0/1730049707502?e=2147483647&v=beta&t=RS8uKNha-aqUxiriITyc-qGZ4cZWKO3AFRxWeqU67bs",
        "email": null,
        "company": "Chartmetric",
        "organization_id": "57c503a8a6da9869ff5098ff"
    },
    {
        "id": "61b43baa3c9ed9000159c901",
        "first_name": "Sude",
        "last_name": "Dogruoglu",
        "linkedin_url": "http://www.linkedin.com/in/sude-do%c4%9fruo%c4%9flu-717014197",
        "title": "Product Manager",
        "email_status": "verified",
        "photo_url": "https://static.licdn.com/aero-v1/sc/h/9c8pery4andzj6ohjkjp54ma2",
        "email": null,
        "company": "Kaizen Technology",
        "organization_id": "5c23166180f93e3c20f5e4a3"
    },
    {
        "id": "66f43f93e944860001388a99",
        "first_name": "Clement",
        "last_name": "Pouchucq",
        "linkedin_url": "http://www.linkedin.com/in/cl%c3%a9ment-pouchucq-5277b9136",
        "title": "Chief Financial Officer",
        "email_status": "verified",
        "photo_url": "https://media.licdn.com/dms/image/v2/C4E03AQH-FtPXYYXJVg/profile-displayphoto-shrink_200_200/profile-displayphoto-shrink_200_200/0/1649319625737?e=1747267200&v=beta&t=cFwiBoVrPiya8jPlugZEnqnxTovF-quX0nmbxdQDmQA",
        "email": null,
        "company": "Arenametrix",
        "organization_id": "5c2ec34f80f93e2daccb7d36"
    },
    {
        "id": "68359e1715c3b60001b29214",
        "first_name": "Tapojit",
        "last_name": "D",
        "linkedin_url": null,
        "title": "Co-Founder, CTO",
        "email_status": "verified",
        "photo_url": "https://media.licdn.com/dms/image/v2/C4E03AQFlb-5QOWBvAA/profile-displayphoto-shrink_200_200/profile-displayphoto-shrink_200_200/0/1550104626480?e=2147483647&v=beta&t=Kj_HYlnSMy0Z0bO_oEs24OrAe4EsOH1YHpfnHA9mv5A",
        "email": null,
        "company": "Zams",
        "organization_id": "5ccb41307c1619095bac9b79"
    },
    {
        "id": "6704d8451a6c980001f3627e",
        "first_name": "Filip",
        "last_name": "Kristofiak",
        "linkedin_url": "http://www.linkedin.com/in/filip-kri%c5%a1tofiak-23527690",
        "title": "Data Engineer",
        "email_status": "verified",
        "photo_url": "https://media.licdn.com/dms/image/v2/D4E03AQHOGgvVOqqV_Q/profile-displayphoto-shrink_200_200/profile-displayphoto-shrink_200_200/0/1707056170577?e=2147483647&v=beta&t=7px88B-tlHXYVTdA1hoVHiArzRFBlB_BBhREKoeL_d8",
        "email": null,
        "company": "Novalytica AG",
        "organization_id": "5da35f4ffaa22600012e977b"
    },
    {
        "id": "61729efe5ae78f000197c218",
        "first_name": "Saktheeswaran",
        "last_name": "R",
        "linkedin_url": "http://www.linkedin.com/in/saktheeswaran1771",
        "title": "Founder",
        "email_status": "verified",
        "photo_url": "https://static.licdn.com/aero-v1/sc/h/9c8pery4andzj6ohjkjp54ma2",
        "email": null,
        "company": "Spidersoftech Data Services Private Limited",
        "organization_id": "5da42accddc632000101a702"
    },
    {
        "id": "6214bf8b59eadb0001d3d4b9",
        "first_name": "Berk",
        "last_name": "Karadag",
        "linkedin_url": "http://www.linkedin.com/in/berk-karada%c4%9f-32283221a",
        "title": "Pazarlama",
        "email_status": "verified",
        "photo_url": null,
        "email": null,
        "company": "Memurlar.net",
        "organization_id": "5e561f564636bd0001e7f70b"
    },
    {
        "id": "66f1a031c589b20001d654f9",
        "first_name": "William",
        "last_name": "D",
        "linkedin_url": null,
        "title": "Chief Operating Officer (COO) and Chief Financial Officer (CFO)",
        "email_status": "verified",
        "photo_url": "https://static.licdn.com/aero-v1/sc/h/9c8pery4andzj6ohjkjp54ma2",
        "email": null,
        "company": "Edge Impulse",
        "organization_id": "5e566c8407939b0001369851"
    },
    {
        "id": "6700fb013bb8c20001ba69d8",
        "first_name": "Meet",
        "last_name": "Patel",
        "linkedin_url": "http://www.linkedin.com/in/meet-patel-9597751b9",
        "title": "Chief Technology Officer",
        "email_status": "verified",
        "photo_url": "https://media.licdn.com/dms/image/v2/C5603AQGmGGSLrqYvBg/profile-displayphoto-shrink_200_200/profile-displayphoto-shrink_200_200/0/1604431735758?e=2147483647&v=beta&t=Cm7IvmMBrmvBHUVsVzNefR_pP8OxZ0TgHpfoPbZF-IY",
        "email": null,
        "company": "Rentech Digital",
        "organization_id": "5e569777fcbbe40001eaf52b"
    },
    {
        "id": "67dc573e575260000118a0a4",
        "first_name": "Marcelo",
        "last_name": "Pires",
        "linkedin_url": "http://www.linkedin.com/in/marcelo-clay-pires",
        "title": "CFO - Chief Financial Officer",
        "email_status": "verified",
        "photo_url": "https://static.licdn.com/aero-v1/sc/h/9c8pery4andzj6ohjkjp54ma2",
        "email": null,
        "company": "Grupo Flow",
        "organization_id": "5f4a312493bf870001cce04f"
    },
    {
        "id": "664eb8c26fbfb30001c93a90",
        "first_name": "Neha",
        "last_name": "Padhiyar",
        "linkedin_url": "http://www.linkedin.com/in/neha-padhiyar-7675bb243",
        "title": "Hotel Sales Manager",
        "email_status": "verified",
        "photo_url": "https://static.licdn.com/aero-v1/sc/h/9c8pery4andzj6ohjkjp54ma2",
        "email": null,
        "company": "Welcome, an Optimizely Company",
        "organization_id": "60088329c778410136d5f476"
    },
    {
        "id": "66f956a315565c000178f1b5",
        "first_name": "Mitesh",
        "last_name": "Thakkar",
        "linkedin_url": "http://www.linkedin.com/in/mitesh-thakkar-93130a21",
        "title": "Chief Financial Officer (CFO) and Executive Director ",
        "email_status": "verified",
        "photo_url": "https://static.licdn.com/aero-v1/sc/h/9c8pery4andzj6ohjkjp54ma2",
        "email": null,
        "company": "Real Deals",
        "organization_id": "6035eb3915ad5000a512c2ac"
    },
    {
        "id": "611cfb012cc2ae0001d6abdf",
        "first_name": "Pavel",
        "last_name": "Mochalkin",
        "linkedin_url": "http://www.linkedin.com/in/pavelmochalkin",
        "title": "Chief Executive Officer",
        "email_status": "verified",
        "photo_url": "https://media.licdn.com/dms/image/v2/D4D03AQEbz4jgs9e62g/profile-displayphoto-shrink_200_200/profile-displayphoto-shrink_200_200/0/1697405423469?e=2147483647&v=beta&t=P6znBg_s2C80KHceR30rU54fdK2LodPGaVbX-ysWveA",
        "email": null,
        "company": "Urbi",
        "organization_id": "6087d5c01f078000fec12c5a"
    },
    {
        "id": "64231efaf45e0a0001832bf2",
        "first_name": "Garima",
        "last_name": "Sharma",
        "linkedin_url": "http://www.linkedin.com/in/garimasharma-24s",
        "title": "Linkedin Marketing Manager",
        "email_status": "verified",
        "photo_url": "https://media.licdn.com/dms/image/v2/D5603AQHnV5GNgZhcYA/profile-displayphoto-shrink_200_200/profile-displayphoto-shrink_200_200/0/1726028754670?e=2147483647&v=beta&t=2x0UdvnbUkU6sk-fXR9DUz8nePkQmcf7h3CnJaDo5Fw",
        "email": null,
        "company": "ITIO Innovex Pvt. Ltd.",
        "organization_id": "60aedb2efa42970001d32976"
    },
    {
        "id": "5f594d1120ac0f0001aedbaa",
        "first_name": "Rahul",
        "last_name": "Dangi",
        "linkedin_url": "http://www.linkedin.com/in/dangi-rahul",
        "title": "Founder and CEO",
        "email_status": "verified",
        "photo_url": "https://media.licdn.com/dms/image/v2/D4D03AQGLNwJkGm_ssQ/profile-displayphoto-shrink_200_200/profile-displayphoto-shrink_200_200/0/1679824090534?e=2147483647&v=beta&t=cjN-yYrmkif86WSbri2IVq49XJJTa0KtElo7jGN5oQ4",
        "email": null,
        "company": "Onelab Ventures",
        "organization_id": "60ba3eaab909a100f587b79f"
    },
    {
        "id": "606f4984bb92ae0001171c63",
        "first_name": "Niro",
        "last_name": "Knox",
        "linkedin_url": "http://www.linkedin.com/in/niroknox",
        "title": "Co-Founder",
        "email_status": "verified",
        "photo_url": "https://static.licdn.com/aero-v1/sc/h/9c8pery4andzj6ohjkjp54ma2",
        "email": null,
        "company": "RocketPod",
        "organization_id": "612707acb82b720001848cfe"
    },
    {
        "id": "57d35093a6da9821972bdf91",
        "first_name": "Philippe",
        "last_name": "Chaniot",
        "linkedin_url": "http://www.linkedin.com/in/philippe-chaniot-395ba82",
        "title": "Chief Executive Officer",
        "email_status": "verified",
        "photo_url": "https://static.licdn.com/aero-v1/sc/h/9c8pery4andzj6ohjkjp54ma2",
        "email": null,
        "company": "Arcwide",
        "organization_id": "6217045b6209ff000178aa7e"
    },
    {
        "id": "6773d913a5bcbe00015a089f",
        "first_name": "Siva",
        "last_name": "Sooriyan",
        "linkedin_url": "http://www.linkedin.com/in/sivavisakan",
        "title": "Co-Founder & CTO",
        "email_status": "verified",
        "photo_url": "https://media.licdn.com/dms/image/v2/C4E03AQGG6M94A7G5rg/profile-displayphoto-shrink_200_200/profile-displayphoto-shrink_200_200/0/1663365250518?e=2147483647&v=beta&t=qhxyU1-eKS6PGwsTy1xrQ0JO6tgoCzgDjt5mX3mauts",
        "email": null,
        "company": "Arcana",
        "organization_id": "627aa3dcd196ff008db7b293"
    },
    {
        "id": "54aba37174686930075b4402",
        "first_name": "Pascal",
        "last_name": "Bovy",
        "linkedin_url": "http://www.linkedin.com/in/pascal-bovy-5677393",
        "title": "Co-fondateur et Data Scientist",
        "email_status": "verified",
        "photo_url": "https://media.licdn.com/dms/image/v2/C4E03AQEAy8RjY1Mn2g/profile-displayphoto-shrink_200_200/profile-displayphoto-shrink_200_200/0/1586352736083?e=2147483647&v=beta&t=mzyj9J-GFegPMB7Em8z2JprDTa8dAjFsobqwtRD7IYE",
        "email": null,
        "company": "WattaBase",
        "organization_id": "62fa78ff67fca900ca9eb5b9"
    },
    {
        "id": "66fc2fcee7579f000179d591",
        "first_name": "Steven",
        "last_name": "Klooster",
        "linkedin_url": "http://www.linkedin.com/in/stevenklooster",
        "title": "CFO",
        "email_status": "verified",
        "photo_url": "https://media.licdn.com/dms/image/v2/C4E03AQGwRQpYspUijw/profile-displayphoto-shrink_200_200/profile-displayphoto-shrink_200_200/0/1599220521173?e=2147483647&v=beta&t=oX7kOSrL1VcwF8dsmvAAlPaZZZEQu89Pw6rQr0eHdJ8",
        "email": null,
        "company": "Clarity AI",
        "organization_id": "64a7a728af09e700c30a009f"
    },
    {
        "id": "5f9fa5916011fa0001de383b",
        "first_name": "Michael",
        "last_name": "Riedler",
        "linkedin_url": "http://www.linkedin.com/in/michaelriedler",
        "title": "VP of Sales",
        "email_status": "verified",
        "photo_url": "https://media.licdn.com/dms/image/v2/D4E03AQG5S0X4QKtN5A/profile-displayphoto-shrink_200_200/B4EZRgQ6wZGYAY-/0/1736781836053?e=2147483647&v=beta&t=r5WczvLSysCs6tYs-pGGn8KzmSKuHV-Yj3byuJJIPJw",
        "email": null,
        "company": "ScrapIn",
        "organization_id": "6580312079780001c6f4cf2c"
    },
    {
        "id": "5f0c052b9a74d300015fc304",
        "first_name": "Hamza",
        "last_name": "Ghanmi",
        "linkedin_url": "http://www.linkedin.com/in/hamza-ghanmi-b8a125183",
        "title": "Data Engineer",
        "email_status": "verified",
        "photo_url": "https://media.licdn.com/dms/image/v2/C4D03AQEXoHdsgwIsTA/profile-displayphoto-shrink_200_200/profile-displayphoto-shrink_200_200/0/1608741862612?e=2147483647&v=beta&t=D4pKcMUIDm5iax5aW6Ry-VRhaCTDF7nn8rw9o5KRdkA",
        "email": null,
        "company": "Kaspr",
        "organization_id": "672a37033201a90001de9a80"
    }
]