[
    {
        "id": "66f49f52b1e3850001e4b6c2",
        "first_name": "Konrad",
        "last_name": "F",
        "linkedin_url": null,
        "title": "Co-Founder & CEO",
        "email_status": "verified",
        "photo_url": "https://media.licdn.com/dms/image/v2/D5603AQFTjfujX4nRTA/profile-displayphoto-shrink_200_200/B56ZasCh8nGUAk-/0/1746643066977?e=2147483647&v=beta&t=DbsTYpLB1DaYMu6ZxpczdlL4i4T0zIlGhb7fzT1nB58",
        "email": null,
        "company": "Quantcast",
        "organization_id": "54a116d969702d3ec0891400"
    },
    {
        "id": "57e14848a6da987dcc00fa29",
        "first_name": "Fahad",
        "last_name": "Bakir",
        "linkedin_url": "http://www.linkedin.com/in/fahadbakir",
        "title": "President",
        "email_status": "verified",
        "photo_url": "https://static.licdn.com/aero-v1/sc/h/9c8pery4andzj6ohjkjp54ma2",
        "email": null,
        "company": "Capterra",
        "organization_id": "54a11bbf69702d8ed4845800"
    },
    {
        "id": "601935b3a827720001440cc8",
        "first_name": "Naoufal",
        "last_name": "Chama",
        "linkedin_url": "http://www.linkedin.com/in/naoufalchama",
        "title": "CEO",
        "email_status": "verified",
        "photo_url": "https://static.licdn.com/aero-v1/sc/h/9c8pery4andzj6ohjkjp54ma2",
        "email": null,
        "company": "Digimind Morocco",
        "organization_id": "54a1267969702d8eebfa0300"
    },
    {
        "id": "67a87c0bd7ef740001605f98",
        "first_name": "Alaine",
        "last_name": "Kotze",
        "linkedin_url": "http://www.linkedin.com/in/alainekotze",
        "title": "Chief Financial Officer",
        "email_status": "verified",
        "photo_url": "https://media.licdn.com/dms/image/v2/C5603AQFQhhz4mnmAiA/profile-displayphoto-shrink_200_200/profile-displayphoto-shrink_200_200/0/1517246795133?e=1753920000&v=beta&t=CCtiy5cM8iRlfb7sEE_ZbKU0VEu8O9RZ-gB3BcibNz0",
        "email": null,
        "company": "Omeda",
        "organization_id": "54a1297769702d979c54b101"
    },
    {
        "id": "6733875f13b34700010e2509",
        "first_name": "Jonathan",
        "last_name": "Kenny",
        "linkedin_url": "http://www.linkedin.com/in/jonathan-kenny-91804033",
        "title": "CFO",
        "email_status": "verified",
        "photo_url": "https://static.licdn.com/aero-v1/sc/h/9c8pery4andzj6ohjkjp54ma2",
        "email": null,
        "company": "RP Data",
        "organization_id": "556d55f9736964122654e200"
    },
    {
        "id": "57db958ba6da9868b3a0e035",
        "first_name": "Muhammad",
        "last_name": "Pasha",
        "linkedin_url": "http://www.linkedin.com/in/muhammad-nur-agmal-pasha-792721108",
        "title": "Founder",
        "email_status": "verified",
        "photo_url": "https://media.licdn.com/dms/image/C5603AQGbwHy9EzZB0A/profile-displayphoto-shrink_200_200/0/1517421732794?e=2147483647&v=beta&t=8yShL9zu2rgTZMpuqiYecuibBPFbLAZFIi-lfLLo54E",
        "email": null,
        "company": "Doctrine",
        "organization_id": "56e5de9ff3e5bb17f40040c4"
    },
    {
        "id": "66f64870c1d7ed000103c075",
        "first_name": "Sung",
        "last_name": "C",
        "linkedin_url": null,
        "title": "Founder and CEO",
        "email_status": "verified",
        "photo_url": "https://media.licdn.com/dms/image/v2/D5603AQGWciAoUGqAEQ/profile-displayphoto-shrink_200_200/profile-displayphoto-shrink_200_200/0/1730049707502?e=2147483647&v=beta&t=RS8uKNha-aqUxiriITyc-qGZ4cZWKO3AFRxWeqU67bs",
        "email": null,
        "company": "Chartmetric",
        "organization_id": "57c503a8a6da9869ff5098ff"
    },
    {
        "id": "6127f0f2771e03000135a926",
        "first_name": "Bahar",
        "last_name": "Ocuet",
        "linkedin_url": "http://www.linkedin.com/in/baharocut",
        "title": "Product Manager",
        "email_status": "verified",
        "photo_url": "https://media.licdn.com/dms/image/v2/D4E03AQE5sJcv3h7XMg/profile-displayphoto-shrink_200_200/profile-displayphoto-shrink_200_200/0/1686155843010?e=2147483647&v=beta&t=jrs12weJXYGKLHeHMC4xct4IfTQ3rVyPHNQ0Omc_hRo",
        "email": null,
        "company": "Kaizen Technology",
        "organization_id": "5c23166180f93e3c20f5e4a3"
    },
    {
        "id": "6359818e9aad2b0001539ded",
        "first_name": "Riyesh",
        "last_name": "Singh",
        "linkedin_url": "http://www.linkedin.com/in/riyesh-singh-30926120b",
        "title": "Vice President, Product",
        "email_status": "verified",
        "photo_url": "https://media.licdn.com/dms/image/v2/D4D03AQHLwtT3zuchIg/profile-displayphoto-shrink_200_200/B4DZQGuckEGgAY-/0/1735279627412?e=2147483647&v=beta&t=-xrj0r7WL_MUtiIkJaxW9u3TzpP8_pWw089k8iPw_JA",
        "email": null,
        "company": "Leadgenerator.io",
        "organization_id": "5c249773a3ae61ccdc15789e"
    },
    {
        "id": "61729efe5ae78f000197c218",
        "first_name": "Saktheeswaran",
        "last_name": "R",
        "linkedin_url": "http://www.linkedin.com/in/saktheeswaran1771",
        "title": "Founder",
        "email_status": "verified",
        "photo_url": "https://static.licdn.com/aero-v1/sc/h/9c8pery4andzj6ohjkjp54ma2",
        "email": null,
        "company": "Spidersoftech Data Services Private Limited",
        "organization_id": "5da42accddc632000101a702"
    },
    {
        "id": "6119cc424958280001e1efdd",
        "first_name": "Wilson",
        "last_name": "Chan",
        "linkedin_url": "http://www.linkedin.com/in/wilson-chan-428482",
        "title": "CEO / Founder",
        "email_status": "verified",
        "photo_url": "https://static.licdn.com/aero-v1/sc/h/9c8pery4andzj6ohjkjp54ma2",
        "email": null,
        "company": "permutable.ai",
        "organization_id": "5e5618021dcc380001ccc1fd"
    },
    {
        "id": "6214bf8b59eadb0001d3d4b9",
        "first_name": "Berk",
        "last_name": "Karadag",
        "linkedin_url": "http://www.linkedin.com/in/berk-karada%c4%9f-32283221a",
        "title": "Pazarlama",
        "email_status": "verified",
        "photo_url": null,
        "email": null,
        "company": "Memurlar.net",
        "organization_id": "5e561f564636bd0001e7f70b"
    },
    {
        "id": "66f1a031c589b20001d654f9",
        "first_name": "William",
        "last_name": "D",
        "linkedin_url": null,
        "title": "Chief Operating Officer (COO) and Chief Financial Officer (CFO)",
        "email_status": "verified",
        "photo_url": "https://static.licdn.com/aero-v1/sc/h/9c8pery4andzj6ohjkjp54ma2",
        "email": null,
        "company": "Edge Impulse",
        "organization_id": "5e566c8407939b0001369851"
    },
    {
        "id": "67dc573e575260000118a0a4",
        "first_name": "Marcelo",
        "last_name": "Pires",
        "linkedin_url": "http://www.linkedin.com/in/marcelo-clay-pires",
        "title": "CFO - Chief Financial Officer",
        "email_status": "verified",
        "photo_url": "https://static.licdn.com/aero-v1/sc/h/9c8pery4andzj6ohjkjp54ma2",
        "email": null,
        "company": "Grupo Flow",
        "organization_id": "5f4a312493bf870001cce04f"
    },
    {
        "id": "5d5f0de6a3ae61925f3e8af1",
        "first_name": "Anubhav",
        "last_name": "Kumar",
        "linkedin_url": "http://www.linkedin.com/in/anubhavxkumar",
        "title": "Product Manager",
        "email_status": "verified",
        "photo_url": "https://media.licdn.com/dms/image/v2/D5603AQHSzFcYLGIh3A/profile-displayphoto-shrink_200_200/profile-displayphoto-shrink_200_200/0/1725038677217?e=2147483647&v=beta&t=awXmK-qYgFo-OAH64DNFSDcXSmCm3USY9ZsHuIdvjXA",
        "email": null,
        "company": "E42.ai",
        "organization_id": "5fa5b168fbd8cd00be35882f"
    },
    {
        "id": "66f956a315565c000178f1b5",
        "first_name": "Mitesh",
        "last_name": "Thakkar",
        "linkedin_url": "http://www.linkedin.com/in/mitesh-thakkar-93130a21",
        "title": "Chief Financial Officer (CFO) and Executive Director ",
        "email_status": "verified",
        "photo_url": "https://static.licdn.com/aero-v1/sc/h/9c8pery4andzj6ohjkjp54ma2",
        "email": null,
        "company": "Real Deals",
        "organization_id": "6035eb3915ad5000a512c2ac"
    },
    {
        "id": "611cfb012cc2ae0001d6abdf",
        "first_name": "Pavel",
        "last_name": "Mochalkin",
        "linkedin_url": "http://www.linkedin.com/in/pavelmochalkin",
        "title": "Chief Executive Officer",
        "email_status": "verified",
        "photo_url": "https://media.licdn.com/dms/image/v2/D4D03AQEbz4jgs9e62g/profile-displayphoto-shrink_200_200/profile-displayphoto-shrink_200_200/0/1697405423469?e=2147483647&v=beta&t=P6znBg_s2C80KHceR30rU54fdK2LodPGaVbX-ysWveA",
        "email": null,
        "company": "Urbi",
        "organization_id": "6087d5c01f078000fec12c5a"
    },
    {
        "id": "64231efaf45e0a0001832bf2",
        "first_name": "Garima",
        "last_name": "Sharma",
        "linkedin_url": "http://www.linkedin.com/in/garimasharma-24s",
        "title": "Linkedin Marketing Manager",
        "email_status": "verified",
        "photo_url": "https://media.licdn.com/dms/image/v2/D5603AQHnV5GNgZhcYA/profile-displayphoto-shrink_200_200/profile-displayphoto-shrink_200_200/0/1726028754670?e=2147483647&v=beta&t=2x0UdvnbUkU6sk-fXR9DUz8nePkQmcf7h3CnJaDo5Fw",
        "email": null,
        "company": "ITIO Innovex Pvt. Ltd.",
        "organization_id": "60aedb2efa42970001d32976"
    },
    {
        "id": "606f4984bb92ae0001171c63",
        "first_name": "Niro",
        "last_name": "Knox",
        "linkedin_url": "http://www.linkedin.com/in/niroknox",
        "title": "Co-Founder",
        "email_status": "verified",
        "photo_url": "https://static.licdn.com/aero-v1/sc/h/9c8pery4andzj6ohjkjp54ma2",
        "email": null,
        "company": "RocketPod",
        "organization_id": "612707acb82b720001848cfe"
    },
    {
        "id": "5570ba8873696415fa190200",
        "first_name": "Sri",
        "last_name": "Ganesh",
        "linkedin_url": "http://www.linkedin.com/in/sri-ganesh-00b31437",
        "title": "COO",
        "email_status": "verified",
        "photo_url": "https://static.licdn.com/aero-v1/sc/h/9c8pery4andzj6ohjkjp54ma2",
        "email": null,
        "company": "Leadzen Technologies",
        "organization_id": "6151fa6ffc86c6008c5ca2f6"
    },
    {
        "id": "57d35093a6da9821972bdf91",
        "first_name": "Philippe",
        "last_name": "Chaniot",
        "linkedin_url": "http://www.linkedin.com/in/philippe-chaniot-395ba82",
        "title": "Chief Executive Officer",
        "email_status": "verified",
        "photo_url": "https://static.licdn.com/aero-v1/sc/h/9c8pery4andzj6ohjkjp54ma2",
        "email": null,
        "company": "Arcwide",
        "organization_id": "6217045b6209ff000178aa7e"
    },
    {
        "id": "6773d913a5bcbe00015a089f",
        "first_name": "Siva",
        "last_name": "Sooriyan",
        "linkedin_url": "http://www.linkedin.com/in/sivavisakan",
        "title": "Co-Founder & CTO",
        "email_status": "verified",
        "photo_url": "https://media.licdn.com/dms/image/v2/C4E03AQGG6M94A7G5rg/profile-displayphoto-shrink_200_200/profile-displayphoto-shrink_200_200/0/1663365250518?e=2147483647&v=beta&t=qhxyU1-eKS6PGwsTy1xrQ0JO6tgoCzgDjt5mX3mauts",
        "email": null,
        "company": "Arcana",
        "organization_id": "627aa3dcd196ff008db7b293"
    },
    {
        "id": "637b628e0cbb480001fdad8a",
        "first_name": "Anthony",
        "last_name": "Sidashin",
        "linkedin_url": "http://www.linkedin.com/in/anthony-sidashin",
        "title": "Founder",
        "email_status": "verified",
        "photo_url": "https://media.licdn.com/dms/image/v2/D4D03AQELUEtTfOtNRg/profile-displayphoto-shrink_200_200/profile-displayphoto-shrink_200_200/0/1668581682436?e=2147483647&v=beta&t=0Ip3K5QeXNXv7Y85oI-m5P14JNV6GlDUlyV1o6sLrws",
        "email": null,
        "company": "ScrapeNinja",
        "organization_id": "637c9cdb9524e800a385fd0d"
    },
    {
        "id": "66fc2fcee7579f000179d591",
        "first_name": "Steven",
        "last_name": "Klooster",
        "linkedin_url": "http://www.linkedin.com/in/stevenklooster",
        "title": "CFO",
        "email_status": "verified",
        "photo_url": "https://media.licdn.com/dms/image/v2/C4E03AQGwRQpYspUijw/profile-displayphoto-shrink_200_200/profile-displayphoto-shrink_200_200/0/1599220521173?e=2147483647&v=beta&t=oX7kOSrL1VcwF8dsmvAAlPaZZZEQu89Pw6rQr0eHdJ8",
        "email": null,
        "company": "Clarity AI",
        "organization_id": "64a7a728af09e700c30a009f"
    }
]