[
  {
    "id": "6733875f13b34700010e2509",
    "first_name": "Jonathan",
    "last_name": "Kenny",
    "linkedin_url": "http://www.linkedin.com/in/jonathan-kenny-91804033",
    "title": "CFO",
    "email_status": "verified",
    "photo_url": "https://static.licdn.com/aero-v1/sc/h/9c8pery4andzj6ohjkjp54ma2",
    "email": "jonathan.kenny@corelogic.com.au",
    "company": "RP Data",
    "organization_id": "556d55f9736964122654e200",
    "company_data": {
      "id": "556d55f9736964122654e200",
      "name": "Cotality Australia",
      "website_url": "http://www.corelogic.com.au",
      "blog_url": null,
      "angellist_url": null,
      "linkedin_url": "http://www.linkedin.com/company/cotalityaustralia",
      "twitter_url": "https://twitter.com/cordellinfo",
      "facebook_url": "https://www.facebook.com/cotalityau",
      "primary_phone": {
        "number": "+61 2 9934 5555",
        "source": "Owler",
        "sanitized_number": "+61299345555"
      },
      "languages": [
        "English",
        "English"
      ],
      "alexa_ranking": 56813,
      "phone": "+61 2 9934 5555",
      "linkedin_uid": "56707",
      "founded_year": 1987,
      "publicly_traded_symbol": null,
      "publicly_traded_exchange": null,
      "logo_url": "https://zenprospect-production.s3.amazonaws.com/uploads/pictures/684b7b1a14f10f0001681f45/picture",
      "crunchbase_url": null,
      "primary_domain": "corelogic.com.au",
      "sanitized_phone": "+61299345555",
      "owned_by_organization_id": "54a1276869702d9313bd9a00",
      "owned_by_organization": {
        "id": "54a1276869702d9313bd9a00",
        "name": "CoreLogic",
        "website_url": "http://www.corelogic.com"
      },
      "organization_revenue_printed": "65M",
      "organization_revenue": 65000000.0,
      "intent_strength": null,
      "show_intent": true,
      "has_intent_signal_account": false,
      "intent_signal_account": null,
      "organization_headcount_six_month_growth": -0.022271714922049,
      "organization_headcount_twelve_month_growth": -0.03516483516483516,
      "organization_headcount_twenty_four_month_growth": 0.0185614849187935
    }
  },
  {
    "id": "57db958ba6da9868b3a0e035",
    "first_name": "Muhammad",
    "last_name": "Pasha",
    "linkedin_url": "http://www.linkedin.com/in/muhammad-nur-agmal-pasha-792721108",
    "title": "Founder",
    "email_status": "verified",
    "photo_url": "https://media.licdn.com/dms/image/C5603AQGbwHy9EzZB0A/profile-displayphoto-shrink_200_200/0/1517421732794?e=2147483647&v=beta&t=8yShL9zu2rgTZMpuqiYecuibBPFbLAZFIi-lfLLo54E",
    "email": "pm@doctrine.fr",
    "company": "Doctrine",
    "organization_id": "56e5de9ff3e5bb17f40040c4",
    "company_data": {
      "id": "56e5de9ff3e5bb17f40040c4",
      "name": "Doctrine",
      "website_url": "http://www.doctrine.fr",
      "blog_url": null,
      "angellist_url": "http://angel.co/doctrine-",
      "linkedin_url": "http://www.linkedin.com/company/doctrine",
      "twitter_url": "https://www.twitter.com/Doctrine",
      "facebook_url": "http://www.facebook.com/doctrineFR",
      "primary_phone": {
        "number": "+33 1 84 80 33 48",
        "source": "Owler",
        "sanitized_number": "+33184803348"
      },
      "languages": [
        "French"
      ],
      "alexa_ranking": 150107,
      "phone": "+33 1 84 80 33 48",
      "linkedin_uid": "10511637",
      "founded_year": 2016,
      "publicly_traded_symbol": null,
      "publicly_traded_exchange": null,
      "logo_url": "https://zenprospect-production.s3.amazonaws.com/uploads/pictures/684a6115c1930d00010b4bd4/picture",
      "crunchbase_url": null,
      "primary_domain": "doctrine.fr",
      "sanitized_phone": "+33184803348",
      "owned_by_organization_id": null,
      "organization_revenue_printed": "2M",
      "organization_revenue": 2000000.0,
      "intent_strength": null,
      "show_intent": true,
      "has_intent_signal_account": false,
      "intent_signal_account": null,
      "organization_headcount_six_month_growth": -0.25,
      "organization_headcount_twelve_month_growth": 0.0,
      "organization_headcount_twenty_four_month_growth": -0.25
    }
  },
  {
    "id": "6733875f13b34700010e2509",
    "first_name": "Jonathan",
    "last_name": "Kenny",
    "linkedin_url": "http://www.linkedin.com/in/jonathan-kenny-91804033",
    "title": "CFO",
    "email_status": "verified",
    "photo_url": "https://static.licdn.com/aero-v1/sc/h/9c8pery4andzj6ohjkjp54ma2",
    "email": null,
    "company": "RP Data",
    "organization_id": "556d55f9736964122654e200",
    "company_data": {
      "id": "556d55f9736964122654e200",
      "name": "Cotality Australia",
      "website_url": "http://www.corelogic.com.au",
      "blog_url": null,
      "angellist_url": null,
      "linkedin_url": "http://www.linkedin.com/company/cotalityaustralia",
      "twitter_url": "https://twitter.com/cordellinfo",
      "facebook_url": "https://www.facebook.com/cotalityau",
      "primary_phone": {
        "number": "+61 2 9934 5555",
        "source": "Owler",
        "sanitized_number": "+61299345555"
      },
      "languages": [
        "English",
        "English"
      ],
      "alexa_ranking": 56813,
      "phone": "+61 2 9934 5555",
      "linkedin_uid": "56707",
      "founded_year": 1987,
      "publicly_traded_symbol": null,
      "publicly_traded_exchange": null,
      "logo_url": "https://zenprospect-production.s3.amazonaws.com/uploads/pictures/684b7b1a14f10f0001681f45/picture",
      "crunchbase_url": null,
      "primary_domain": "corelogic.com.au",
      "sanitized_phone": "+61299345555",
      "owned_by_organization_id": "54a1276869702d9313bd9a00",
      "owned_by_organization": {
        "id": "54a1276869702d9313bd9a00",
        "name": "CoreLogic",
        "website_url": "http://www.corelogic.com"
      },
      "organization_revenue_printed": "65M",
      "organization_revenue": 65000000.0,
      "intent_strength": null,
      "show_intent": true,
      "has_intent_signal_account": false,
      "intent_signal_account": null,
      "organization_headcount_six_month_growth": -0.022271714922049,
      "organization_headcount_twelve_month_growth": -0.03516483516483516,
      "organization_headcount_twenty_four_month_growth": 0.0185614849187935
    }
  },
  {
    "id": "57db958ba6da9868b3a0e035",
    "first_name": "Muhammad",
    "last_name": "Pasha",
    "linkedin_url": "http://www.linkedin.com/in/muhammad-nur-agmal-pasha-792721108",
    "title": "Founder",
    "email_status": "verified",
    "photo_url": "https://media.licdn.com/dms/image/C5603AQGbwHy9EzZB0A/profile-displayphoto-shrink_200_200/0/1517421732794?e=2147483647&v=beta&t=8yShL9zu2rgTZMpuqiYecuibBPFbLAZFIi-lfLLo54E",
    "email": null,
    "company": "Doctrine",
    "organization_id": "56e5de9ff3e5bb17f40040c4",
    "company_data": {
      "id": "56e5de9ff3e5bb17f40040c4",
      "name": "Doctrine",
      "website_url": "http://www.doctrine.fr",
      "blog_url": null,
      "angellist_url": "http://angel.co/doctrine-",
      "linkedin_url": "http://www.linkedin.com/company/doctrine",
      "twitter_url": "https://www.twitter.com/Doctrine",
      "facebook_url": "http://www.facebook.com/doctrineFR",
      "primary_phone": {
        "number": "+33 1 84 80 33 48",
        "source": "Owler",
        "sanitized_number": "+33184803348"
      },
      "languages": [
        "French"
      ],
      "alexa_ranking": 150107,
      "phone": "+33 1 84 80 33 48",
      "linkedin_uid": "10511637",
      "founded_year": 2016,
      "publicly_traded_symbol": null,
      "publicly_traded_exchange": null,
      "logo_url": "https://zenprospect-production.s3.amazonaws.com/uploads/pictures/684a6115c1930d00010b4bd4/picture",
      "crunchbase_url": null,
      "primary_domain": "doctrine.fr",
      "sanitized_phone": "+33184803348",
      "owned_by_organization_id": null,
      "organization_revenue_printed": "2M",
      "organization_revenue": 2000000.0,
      "intent_strength": null,
      "show_intent": true,
      "has_intent_signal_account": false,
      "intent_signal_account": null,
      "organization_headcount_six_month_growth": -0.25,
      "organization_headcount_twelve_month_growth": 0.0,
      "organization_headcount_twenty_four_month_growth": -0.25
    }
  },
  {
    "id": "66f64870c1d7ed000103c075",
    "first_name": "Sung",
    "last_name": "C",
    "linkedin_url": null,
    "title": "Founder and CEO",
    "email_status": "verified",
    "photo_url": "https://media.licdn.com/dms/image/v2/D5603AQGWciAoUGqAEQ/profile-displayphoto-shrink_200_200/profile-displayphoto-shrink_200_200/0/1730049707502?e=2147483647&v=beta&t=RS8uKNha-aqUxiriITyc-qGZ4cZWKO3AFRxWeqU67bs",
    "email": null,
    "company": "Chartmetric",
    "organization_id": "57c503a8a6da9869ff5098ff",
    "company_data": {
      "id": "57c503a8a6da9869ff5098ff",
      "name": "Chartmetric",
      "website_url": "http://www.chartmetric.com",
      "blog_url": null,
      "angellist_url": "http://angel.co/chartmetric",
      "linkedin_url": "http://www.linkedin.com/company/chartmetric",
      "twitter_url": "https://twitter.com/chartmetric",
      "facebook_url": "https://www.facebook.com/chartmetric",
      "primary_phone": {
        "number": "+1 650-605-3428",
        "source": "Account",
        "sanitized_number": "+16506053428"
      },
      "languages": [
        "English"
      ],
      "alexa_ranking": 89891,
      "phone": "+1 650-605-3428",
      "linkedin_uid": "7591080",
      "founded_year": 2015,
      "publicly_traded_symbol": null,
      "publicly_traded_exchange": null,
      "logo_url": "https://zenprospect-production.s3.amazonaws.com/uploads/pictures/6846934d36c0d9000149a3c0/picture",
      "crunchbase_url": null,
      "primary_domain": "chartmetric.com",
      "sanitized_phone": "+16506053428",
      "owned_by_organization_id": null,
      "organization_revenue_printed": null,
      "organization_revenue": 0.0,
      "intent_strength": null,
      "show_intent": true,
      "has_intent_signal_account": false,
      "intent_signal_account": null,
      "organization_headcount_six_month_growth": 0.0,
      "organization_headcount_twelve_month_growth": 0.16,
      "organization_headcount_twenty_four_month_growth": 0.5675675675675675
    }
  },
  {
    "id": "6127f0f2771e03000135a926",
    "first_name": "Bahar",
    "last_name": "Ocuet",
    "linkedin_url": "http://www.linkedin.com/in/baharocut",
    "title": "Product Manager",
    "email_status": "verified",
    "photo_url": "https://media.licdn.com/dms/image/v2/D4E03AQE5sJcv3h7XMg/profile-displayphoto-shrink_200_200/profile-displayphoto-shrink_200_200/0/1686155843010?e=2147483647&v=beta&t=jrs12weJXYGKLHeHMC4xct4IfTQ3rVyPHNQ0Omc_hRo",
    "email": null,
    "company": "Kaizen Technology",
    "organization_id": "5c23166180f93e3c20f5e4a3",
    "company_data": {
      "id": "5c23166180f93e3c20f5e4a3",
      "name": "Kaizen Technology",
      "website_url": "http://www.kaizentech.net",
      "blog_url": null,
      "angellist_url": null,
      "linkedin_url": "http://www.linkedin.com/company/kaizen-technology-loyalty",
      "twitter_url": null,
      "facebook_url": null,
      "primary_phone": {
        "number": "+90 212 285 0007",
        "source": "Account",
        "sanitized_number": "+902122850007"
      },
      "languages": [],
      "alexa_ranking": null,
      "phone": "+90 212 285 0007",
      "linkedin_uid": "28606749",
      "founded_year": 2016,
      "publicly_traded_symbol": null,
      "publicly_traded_exchange": null,
      "logo_url": "https://zenprospect-production.s3.amazonaws.com/uploads/pictures/6846c0870db307000185f050/picture",
      "crunchbase_url": null,
      "primary_domain": "kaizentech.net",
      "sanitized_phone": "+902122850007",
      "owned_by_organization_id": null,
      "organization_revenue_printed": null,
      "organization_revenue": 0.0,
      "intent_strength": null,
      "show_intent": true,
      "has_intent_signal_account": false,
      "intent_signal_account": null,
      "organization_headcount_six_month_growth": 0.01515151515151515,
      "organization_headcount_twelve_month_growth": 0.1355932203389831,
      "organization_headcount_twenty_four_month_growth": 0.425531914893617
    }
  },
  {
    "id": "6359818e9aad2b0001539ded",
    "first_name": "Riyesh",
    "last_name": "Singh",
    "linkedin_url": "http://www.linkedin.com/in/riyesh-singh-30926120b",
    "title": "Vice President, Product",
    "email_status": "verified",
    "photo_url": "https://media.licdn.com/dms/image/v2/D4D03AQHLwtT3zuchIg/profile-displayphoto-shrink_200_200/B4DZQGuckEGgAY-/0/1735279627412?e=2147483647&v=beta&t=-xrj0r7WL_MUtiIkJaxW9u3TzpP8_pWw089k8iPw_JA",
    "email": null,
    "company": "Leadgenerator.io",
    "organization_id": "5c249773a3ae61ccdc15789e",
    "company_data": {
      "id": "5c249773a3ae61ccdc15789e",
      "name": "Leadgenerator.io",
      "website_url": "http://www.leadgenerator.io",
      "blog_url": null,
      "angellist_url": "http://angel.co/leadgenerator-io",
      "linkedin_url": "http://www.linkedin.com/company/leadgenerator.io",
      "twitter_url": "http://www.twitter.com/leadgeneratorio",
      "facebook_url": "https://www.facebook.com/leadgenerator.io",
      "primary_phone": {},
      "languages": [],
      "alexa_ranking": null,
      "phone": null,
      "linkedin_uid": "13256111",
      "founded_year": 2018,
      "publicly_traded_symbol": null,
      "publicly_traded_exchange": null,
      "logo_url": "https://zenprospect-production.s3.amazonaws.com/uploads/pictures/683057c9e8259f0001001ff6/picture",
      "crunchbase_url": null,
      "primary_domain": "leadgenerator.io",
      "owned_by_organization_id": null,
      "organization_revenue_printed": null,
      "organization_revenue": 0.0,
      "intent_strength": null,
      "show_intent": true,
      "has_intent_signal_account": false,
      "intent_signal_account": null,
      "organization_headcount_six_month_growth": -0.125,
      "organization_headcount_twelve_month_growth": 0.75,
      "organization_headcount_twenty_four_month_growth": 2.5
    }
  },
  {
    "id": "68359e1715c3b60001b29214",
    "first_name": "Tapojit",
    "last_name": "D",
    "linkedin_url": null,
    "title": "Co-Founder, CTO",
    "email_status": "verified",
    "photo_url": "https://media.licdn.com/dms/image/v2/C4E03AQFlb-5QOWBvAA/profile-displayphoto-shrink_200_200/profile-displayphoto-shrink_200_200/0/1550104626480?e=2147483647&v=beta&t=Kj_HYlnSMy0Z0bO_oEs24OrAe4EsOH1YHpfnHA9mv5A",
    "email": null,
    "company": "Zams",
    "organization_id": "5ccb41307c1619095bac9b79",
    "company_data": {
      "id": "5ccb41307c1619095bac9b79",
      "name": "Zams",
      "website_url": "http://www.zams.com",
      "blog_url": null,
      "angellist_url": null,
      "linkedin_url": "http://www.linkedin.com/company/zamshq",
      "twitter_url": "https://twitter.com/obviouslyai",
      "facebook_url": "https://facebook.com/obviouslyai",
      "primary_phone": {
        "number": "+1 413-461-0309",
        "source": "Owler",
        "sanitized_number": "+14134610309"
      },
      "languages": [],
      "alexa_ranking": null,
      "phone": "+1 413-461-0309",
      "linkedin_uid": "18780642",
      "founded_year": 2020,
      "publicly_traded_symbol": null,
      "publicly_traded_exchange": null,
      "logo_url": "https://zenprospect-production.s3.amazonaws.com/uploads/pictures/684745cde1102a00019f1462/picture",
      "crunchbase_url": null,
      "primary_domain": "zams.com",
      "sanitized_phone": "+14134610309",
      "owned_by_organization_id": null,
      "organization_revenue_printed": "4.1M",
      "organization_revenue": 4100000.0,
      "intent_strength": null,
      "show_intent": true,
      "has_intent_signal_account": false,
      "intent_signal_account": null,
      "organization_headcount_six_month_growth": 0.2380952380952381,
      "organization_headcount_twelve_month_growth": 0.625,
      "organization_headcount_twenty_four_month_growth": 2.25
    }
  },
  {
    "id": "6704d8451a6c980001f3627e",
    "first_name": "Filip",
    "last_name": "Kristofiak",
    "linkedin_url": "http://www.linkedin.com/in/filip-kri%c5%a1tofiak-23527690",
    "title": "Data Engineer",
    "email_status": "verified",
    "photo_url": "https://media.licdn.com/dms/image/v2/D4E03AQHOGgvVOqqV_Q/profile-displayphoto-shrink_200_200/profile-displayphoto-shrink_200_200/0/1707056170577?e=2147483647&v=beta&t=7px88B-tlHXYVTdA1hoVHiArzRFBlB_BBhREKoeL_d8",
    "email": null,
    "company": "Novalytica AG",
    "organization_id": "5da35f4ffaa22600012e977b",
    "company_data": {
      "id": "5da35f4ffaa22600012e977b",
      "name": "Novalytica AG",
      "website_url": "http://www.novalytica.com",
      "blog_url": null,
      "angellist_url": null,
      "linkedin_url": "http://www.linkedin.com/company/novalytica",
      "twitter_url": "https://twitter.com/novalytica",
      "facebook_url": null,
      "primary_phone": {
        "number": "+41 78 763 00 47",
        "source": "Account",
        "sanitized_number": "+41787630047"
      },
      "languages": [],
      "alexa_ranking": 781947,
      "phone": "+41 78 763 00 47",
      "linkedin_uid": "19036919",
      "founded_year": null,
      "publicly_traded_symbol": null,
      "publicly_traded_exchange": null,
      "logo_url": "https://zenprospect-production.s3.amazonaws.com/uploads/pictures/684a922723c2350001d211f7/picture",
      "crunchbase_url": null,
      "primary_domain": "novalytica.com",
      "sanitized_phone": "+41787630047",
      "owned_by_organization_id": null,
      "organization_revenue_printed": null,
      "organization_revenue": 0.0,
      "intent_strength": null,
      "show_intent": true,
      "has_intent_signal_account": false,
      "intent_signal_account": null,
      "organization_headcount_six_month_growth": 0.0,
      "organization_headcount_twelve_month_growth": -0.2,
      "organization_headcount_twenty_four_month_growth": -0.2
    }
  },
  {
    "id": "61729efe5ae78f000197c218",
    "first_name": "Saktheeswaran",
    "last_name": "R",
    "linkedin_url": "http://www.linkedin.com/in/saktheeswaran1771",
    "title": "Founder",
    "email_status": "verified",
    "photo_url": "https://static.licdn.com/aero-v1/sc/h/9c8pery4andzj6ohjkjp54ma2",
    "email": null,
    "company": "Spidersoftech Data Services Private Limited",
    "organization_id": "5da42accddc632000101a702",
    "company_data": {
      "id": "5da42accddc632000101a702",
      "name": "Spidersoftech Data Services Private Limited",
      "website_url": "http://www.spidersoftech.com",
      "blog_url": null,
      "angellist_url": "http://angel.co/spidersoftech-data-services",
      "linkedin_url": "http://www.linkedin.com/company/spidersoftech-data-services-private-limited",
      "twitter_url": null,
      "facebook_url": "https://www.facebook.com/SpiderSoftech",
      "primary_phone": {
        "number": "+91 99943 14367",
        "source": "Scraped",
        "sanitized_number": "+919994314367"
      },
      "languages": [],
      "alexa_ranking": null,
      "phone": "+91 99943 14367",
      "linkedin_uid": "13245436",
      "founded_year": 2009,
      "publicly_traded_symbol": null,
      "publicly_traded_exchange": null,
      "logo_url": "https://zenprospect-production.s3.amazonaws.com/uploads/pictures/684d12166bfc150001b5b9e2/picture",
      "crunchbase_url": null,
      "primary_domain": "spidersoftech.com",
      "sanitized_phone": "+919994314367",
      "owned_by_organization_id": null,
      "organization_revenue_printed": null,
      "organization_revenue": 0.0,
      "intent_strength": null,
      "show_intent": true,
      "has_intent_signal_account": false,
      "intent_signal_account": null,
      "organization_headcount_six_month_growth": 0.0,
      "organization_headcount_twelve_month_growth": 0.0,
      "organization_headcount_twenty_four_month_growth": 0.0
    }
  },
  {
    "id": "6119cc424958280001e1efdd",
    "first_name": "Wilson",
    "last_name": "Chan",
    "linkedin_url": "http://www.linkedin.com/in/wilson-chan-428482",
    "title": "CEO / Founder",
    "email_status": "verified",
    "photo_url": "https://static.licdn.com/aero-v1/sc/h/9c8pery4andzj6ohjkjp54ma2",
    "email": null,
    "company": "permutable.ai",
    "organization_id": "5e5618021dcc380001ccc1fd",
    "company_data": {
      "id": "5e5618021dcc380001ccc1fd",
      "name": "permutable.ai",
      "website_url": "http://www.permutable.ai",
      "blog_url": null,
      "angellist_url": null,
      "linkedin_url": "http://www.linkedin.com/company/permutableai",
      "twitter_url": null,
      "facebook_url": null,
      "primary_phone": {
        "number": "+44 20 8943 9032",
        "source": "Account",
        "sanitized_number": "+442089439032"
      },
      "languages": [],
      "alexa_ranking": null,
      "phone": "+44 20 8943 9032",
      "linkedin_uid": "29021876",
      "founded_year": 2020,
      "publicly_traded_symbol": null,
      "publicly_traded_exchange": null,
      "logo_url": "https://zenprospect-production.s3.amazonaws.com/uploads/pictures/6841637fac6f600001802cfb/picture",
      "crunchbase_url": null,
      "primary_domain": "permutable.ai",
      "sanitized_phone": "+442089439032",
      "owned_by_organization_id": null,
      "organization_revenue_printed": null,
      "organization_revenue": 0.0,
      "intent_strength": null,
      "show_intent": true,
      "has_intent_signal_account": false,
      "intent_signal_account": null,
      "organization_headcount_six_month_growth": -0.5,
      "organization_headcount_twelve_month_growth": -0.5,
      "organization_headcount_twenty_four_month_growth": null
    }
  },
  {
    "id": "6214bf8b59eadb0001d3d4b9",
    "first_name": "Berk",
    "last_name": "Karadag",
    "linkedin_url": "http://www.linkedin.com/in/berk-karada%c4%9f-32283221a",
    "title": "Pazarlama",
    "email_status": "verified",
    "photo_url": null,
    "email": null,
    "company": "Memurlar.net",
    "organization_id": "5e561f564636bd0001e7f70b",
    "company_data": {
      "id": "5e561f564636bd0001e7f70b",
      "name": "Memurlar.net",
      "website_url": "http://www.memurlar.net",
      "blog_url": null,
      "angellist_url": null,
      "linkedin_url": "http://www.linkedin.com/company/memurlarnet",
      "twitter_url": "https://twitter.com/memurlarnet",
      "facebook_url": "https://www.facebook.com/memurlarnet",
      "primary_phone": {},
      "languages": [],
      "alexa_ranking": 4732,
      "phone": null,
      "linkedin_uid": "18598337",
      "founded_year": 2001,
      "publicly_traded_symbol": null,
      "publicly_traded_exchange": null,
      "logo_url": "https://zenprospect-production.s3.amazonaws.com/uploads/pictures/66e5c993eae4890001b71902/picture",
      "crunchbase_url": null,
      "primary_domain": "memurlar.net",
      "owned_by_organization_id": null,
      "organization_revenue_printed": "10M",
      "organization_revenue": 10000000.0,
      "intent_strength": null,
      "show_intent": true,
      "has_intent_signal_account": false,
      "intent_signal_account": null,
      "organization_headcount_six_month_growth": 0.0,
      "organization_headcount_twelve_month_growth": 0.07692307692307693,
      "organization_headcount_twenty_four_month_growth": 0.07692307692307693
    }
  },
  {
    "id": "66f1a031c589b20001d654f9",
    "first_name": "William",
    "last_name": "D",
    "linkedin_url": null,
    "title": "Chief Operating Officer (COO) and Chief Financial Officer (CFO)",
    "email_status": "verified",
    "photo_url": "https://static.licdn.com/aero-v1/sc/h/9c8pery4andzj6ohjkjp54ma2",
    "email": null,
    "company": "Edge Impulse",
    "organization_id": "5e566c8407939b0001369851",
    "company_data": {
      "id": "5e566c8407939b0001369851",
      "name": "Edge Impulse (a Qualcomm company)",
      "website_url": "http://www.edgeimpulse.com",
      "blog_url": null,
      "angellist_url": null,
      "linkedin_url": "http://www.linkedin.com/company/edgeimpulse",
      "twitter_url": "https://twitter.com/edgeimpulse",
      "facebook_url": "https://facebook.com/edgeimpulseml/",
      "primary_phone": {
        "number": "+1 347-747-5332",
        "source": "Account",
        "sanitized_number": "+13477475332"
      },
      "languages": [],
      "alexa_ranking": null,
      "phone": "+1 347-747-5332",
      "linkedin_uid": "19239958",
      "founded_year": 2019,
      "publicly_traded_symbol": null,
      "publicly_traded_exchange": null,
      "logo_url": "https://zenprospect-production.s3.amazonaws.com/uploads/pictures/6847f0a05407410001116628/picture",
      "crunchbase_url": null,
      "primary_domain": "edgeimpulse.com",
      "sanitized_phone": "+13477475332",
      "owned_by_organization_id": "5f6316994abf0b008ce52a3f",
      "owned_by_organization": {
        "id": "5f6316994abf0b008ce52a3f",
        "name": "Qualcomm",
        "website_url": "http://www.qualcomm.com"
      },
      "organization_revenue_printed": "2.3M",
      "organization_revenue": 2300000.0,
      "intent_strength": null,
      "show_intent": true,
      "has_intent_signal_account": false,
      "intent_signal_account": null,
      "organization_headcount_six_month_growth": -0.03571428571428571,
      "organization_headcount_twelve_month_growth": -0.1428571428571428,
      "organization_headcount_twenty_four_month_growth": -0.06896551724137931
    }
  },
  {
    "id": "6700fb013bb8c20001ba69d8",
    "first_name": "Meet",
    "last_name": "Patel",
    "linkedin_url": "http://www.linkedin.com/in/meet-patel-9597751b9",
    "title": "Chief Technology Officer",
    "email_status": "verified",
    "photo_url": "https://media.licdn.com/dms/image/v2/C5603AQGmGGSLrqYvBg/profile-displayphoto-shrink_200_200/profile-displayphoto-shrink_200_200/0/1604431735758?e=2147483647&v=beta&t=Cm7IvmMBrmvBHUVsVzNefR_pP8OxZ0TgHpfoPbZF-IY",
    "email": null,
    "company": "Rentech Digital",
    "organization_id": "5e569777fcbbe40001eaf52b",
    "company_data": {
      "id": "5e569777fcbbe40001eaf52b",
      "name": "Rentech Digital",
      "website_url": "http://www.rentechdigital.com",
      "blog_url": null,
      "angellist_url": null,
      "linkedin_url": "http://www.linkedin.com/company/rentech-digital",
      "twitter_url": "https://twitter.com/DigitalRentech",
      "facebook_url": "https://www.facebook.com/RentechDigital/",
      "primary_phone": {
        "number": "+1 760-389-9794",
        "source": "Scraped",
        "sanitized_number": "+17603899794"
      },
      "languages": [],
      "alexa_ranking": null,
      "phone": "+1 760-389-9794",
      "linkedin_uid": "51723001",
      "founded_year": 2010,
      "publicly_traded_symbol": null,
      "publicly_traded_exchange": null,
      "logo_url": "https://zenprospect-production.s3.amazonaws.com/uploads/pictures/6846a1b6e726c80001c6ce5a/picture",
      "crunchbase_url": null,
      "primary_domain": "rentechdigital.com",
      "sanitized_phone": "+17603899794",
      "owned_by_organization_id": null,
      "organization_revenue_printed": null,
      "organization_revenue": 0.0,
      "intent_strength": null,
      "show_intent": true,
      "has_intent_signal_account": false,
      "intent_signal_account": null,
      "organization_headcount_six_month_growth": -0.01408450704225352,
      "organization_headcount_twelve_month_growth": 0.01449275362318841,
      "organization_headcount_twenty_four_month_growth": -0.4736842105263158
    }
  },
  {
    "id": "67dc573e575260000118a0a4",
    "first_name": "Marcelo",
    "last_name": "Pires",
    "linkedin_url": "http://www.linkedin.com/in/marcelo-clay-pires",
    "title": "CFO - Chief Financial Officer",
    "email_status": "verified",
    "photo_url": "https://static.licdn.com/aero-v1/sc/h/9c8pery4andzj6ohjkjp54ma2",
    "email": null,
    "company": "Grupo Flow",
    "organization_id": "5f4a312493bf870001cce04f",
    "company_data": {
      "id": "5f4a312493bf870001cce04f",
      "name": "Grupo Flow",
      "website_url": "http://www.grupoflow.media",
      "blog_url": null,
      "angellist_url": null,
      "linkedin_url": "http://www.linkedin.com/company/grupoflow-media",
      "twitter_url": null,
      "facebook_url": null,
      "primary_phone": {
        "number": "'+55 123456789",
        "source": "Account",
        "sanitized_number": "+55123456789"
      },
      "languages": [],
      "alexa_ranking": null,
      "phone": "'+55 123456789",
      "linkedin_uid": "49168971",
      "founded_year": 2020,
      "publicly_traded_symbol": null,
      "publicly_traded_exchange": null,
      "logo_url": "https://zenprospect-production.s3.amazonaws.com/uploads/pictures/684472eebc72cc00013cbdd6/picture",
      "crunchbase_url": null,
      "primary_domain": "grupoflow.media",
      "sanitized_phone": "+55123456789",
      "owned_by_organization_id": null,
      "organization_revenue_printed": null,
      "organization_revenue": 0.0,
      "intent_strength": null,
      "show_intent": true,
      "has_intent_signal_account": false,
      "intent_signal_account": null,
      "organization_headcount_six_month_growth": -0.07575757575757576,
      "organization_headcount_twelve_month_growth": -0.1029411764705882,
      "organization_headcount_twenty_four_month_growth": 0.1296296296296296
    }
  },
  {
    "id": "5d5f0de6a3ae61925f3e8af1",
    "first_name": "Anubhav",
    "last_name": "Kumar",
    "linkedin_url": "http://www.linkedin.com/in/anubhavxkumar",
    "title": "Product Manager",
    "email_status": "verified",
    "photo_url": "https://media.licdn.com/dms/image/v2/D5603AQHSzFcYLGIh3A/profile-displayphoto-shrink_200_200/profile-displayphoto-shrink_200_200/0/1725038677217?e=2147483647&v=beta&t=awXmK-qYgFo-OAH64DNFSDcXSmCm3USY9ZsHuIdvjXA",
    "email": null,
    "company": "E42.ai",
    "organization_id": "5fa5b168fbd8cd00be35882f",
    "company_data": {
      "id": "5fa5b168fbd8cd00be35882f",
      "name": "E42.ai",
      "website_url": "http://www.e42.ai",
      "blog_url": null,
      "angellist_url": null,
      "linkedin_url": "http://www.linkedin.com/company/e42dotai",
      "twitter_url": "https://twitter.com/E42_ai",
      "facebook_url": "https://www.facebook.com/e42ai/",
      "primary_phone": {
        "number": "+91 20486 00400",
        "source": "Owler",
        "sanitized_number": "+912048600400"
      },
      "languages": [
        "English"
      ],
      "alexa_ranking": null,
      "phone": "+91 20486 00400",
      "linkedin_uid": "17970577",
      "founded_year": 2012,
      "publicly_traded_symbol": null,
      "publicly_traded_exchange": null,
      "logo_url": "https://zenprospect-production.s3.amazonaws.com/uploads/pictures/684bf9c65c0dfb00010d7dce/picture",
      "crunchbase_url": null,
      "primary_domain": "e42.ai",
      "sanitized_phone": "+912048600400",
      "owned_by_organization_id": null,
      "organization_revenue_printed": null,
      "organization_revenue": 0.0,
      "intent_strength": null,
      "show_intent": true,
      "has_intent_signal_account": false,
      "intent_signal_account": null,
      "organization_headcount_six_month_growth": 0.0,
      "organization_headcount_twelve_month_growth": 0.2330827067669173,
      "organization_headcount_twenty_four_month_growth": 0.4385964912280702
    }
  },
  {
    "id": "664eb8c26fbfb30001c93a90",
    "first_name": "Neha",
    "last_name": "Padhiyar",
    "linkedin_url": "http://www.linkedin.com/in/neha-padhiyar-7675bb243",
    "title": "Hotel Sales Manager",
    "email_status": "verified",
    "photo_url": "https://static.licdn.com/aero-v1/sc/h/9c8pery4andzj6ohjkjp54ma2",
    "email": null,
    "company": "Welcome, an Optimizely Company",
    "organization_id": "60088329c778410136d5f476",
    "company_data": {
      "id": "60088329c778410136d5f476",
      "name": "Welcome, an Optimizely Company",
      "website_url": null,
      "blog_url": null,
      "angellist_url": null,
      "linkedin_url": "http://www.linkedin.com/company/welcomesoftware",
      "twitter_url": "https://twitter.com/WelcomeSW",
      "facebook_url": "https://facebook.com/WelcomeSoftware",
      "primary_phone": {
        "number": "+1 212-989-4100",
        "source": "Owler",
        "sanitized_number": "+12129894100"
      },
      "languages": [],
      "alexa_ranking": null,
      "phone": "+1 212-989-4100",
      "linkedin_uid": "69501840",
      "founded_year": 2008,
      "publicly_traded_symbol": null,
      "publicly_traded_exchange": null,
      "logo_url": "https://zenprospect-production.s3.amazonaws.com/uploads/pictures/684a857012dc2b00015ea97b/picture",
      "crunchbase_url": null,
      "primary_domain": null,
      "sanitized_phone": "+12129894100",
      "owned_by_organization_id": "54a1206169702d77c23b7002",
      "owned_by_organization": {
        "id": "54a1206169702d77c23b7002",
        "name": "Optimizely",
        "website_url": "http://www.optimizely.com"
      },
      "organization_revenue_printed": "15M",
      "organization_revenue": 15000000.0,
      "intent_strength": null,
      "show_intent": true,
      "has_intent_signal_account": false,
      "intent_signal_account": null,
      "organization_headcount_six_month_growth": 0.0,
      "organization_headcount_twelve_month_growth": -0.1111111111111111,
      "organization_headcount_twenty_four_month_growth": -0.2
    }
  },
  {
    "id": "66f956a315565c000178f1b5",
    "first_name": "Mitesh",
    "last_name": "Thakkar",
    "linkedin_url": "http://www.linkedin.com/in/mitesh-thakkar-93130a21",
    "title": "Chief Financial Officer (CFO) and Executive Director ",
    "email_status": "verified",
    "photo_url": "https://static.licdn.com/aero-v1/sc/h/9c8pery4andzj6ohjkjp54ma2",
    "email": null,
    "company": "Real Deals",
    "organization_id": "6035eb3915ad5000a512c2ac",
    "company_data": {
      "id": "6035eb3915ad5000a512c2ac",
      "name": "Real Deals",
      "website_url": "http://www.realdeals.eu.com",
      "blog_url": null,
      "angellist_url": null,
      "linkedin_url": "http://www.linkedin.com/company/real-deals",
      "twitter_url": "https://twitter.com/RealDealsEU",
      "facebook_url": null,
      "primary_phone": {
        "number": "+44 20 7368 7100",
        "source": "Owler",
        "sanitized_number": "+442073687100"
      },
      "languages": [],
      "alexa_ranking": null,
      "phone": "+44 20 7368 7100",
      "linkedin_uid": "820812",
      "founded_year": null,
      "publicly_traded_symbol": null,
      "publicly_traded_exchange": null,
      "logo_url": "https://zenprospect-production.s3.amazonaws.com/uploads/pictures/682e26a85364a90001b6ab82/picture",
      "crunchbase_url": null,
      "primary_domain": "realdeals.eu.com",
      "sanitized_phone": "+442073687100",
      "owned_by_organization_id": null,
      "organization_revenue_printed": "11.7M",
      "organization_revenue": 11716000.0,
      "intent_strength": null,
      "show_intent": true,
      "has_intent_signal_account": false,
      "intent_signal_account": null,
      "organization_headcount_six_month_growth": 0.0,
      "organization_headcount_twelve_month_growth": 0.0,
      "organization_headcount_twenty_four_month_growth": 0.0
    }
  },
  {
    "id": "611cfb012cc2ae0001d6abdf",
    "first_name": "Pavel",
    "last_name": "Mochalkin",
    "linkedin_url": "http://www.linkedin.com/in/pavelmochalkin",
    "title": "Chief Executive Officer",
    "email_status": "verified",
    "photo_url": "https://media.licdn.com/dms/image/v2/D4D03AQEbz4jgs9e62g/profile-displayphoto-shrink_200_200/profile-displayphoto-shrink_200_200/0/1697405423469?e=2147483647&v=beta&t=P6znBg_s2C80KHceR30rU54fdK2LodPGaVbX-ysWveA",
    "email": null,
    "company": "Urbi",
    "organization_id": "6087d5c01f078000fec12c5a",
    "company_data": {
      "id": "6087d5c01f078000fec12c5a",
      "name": "Urbi",
      "website_url": "http://www.urbi.ae",
      "blog_url": null,
      "angellist_url": null,
      "linkedin_url": "http://www.linkedin.com/company/urbi-ae",
      "twitter_url": null,
      "facebook_url": "https://m.facebook.com/urbispacial/",
      "primary_phone": {
        "number": "+971 800 966",
        "source": "Account",
        "sanitized_number": "+971800966"
      },
      "languages": [],
      "alexa_ranking": null,
      "phone": "+971 800 966",
      "linkedin_uid": "4798198",
      "founded_year": 2013,
      "publicly_traded_symbol": null,
      "publicly_traded_exchange": null,
      "logo_url": "https://zenprospect-production.s3.amazonaws.com/uploads/pictures/683febd2d71c650001f81619/picture",
      "crunchbase_url": null,
      "primary_domain": "urbi.ae",
      "sanitized_phone": "+971800966",
      "owned_by_organization_id": null,
      "organization_revenue_printed": null,
      "organization_revenue": 0.0,
      "intent_strength": null,
      "show_intent": true,
      "has_intent_signal_account": false,
      "intent_signal_account": null,
      "organization_headcount_six_month_growth": -0.0375,
      "organization_headcount_twelve_month_growth": 0.02666666666666667,
      "organization_headcount_twenty_four_month_growth": 0.2833333333333333
    }
  },
  {
    "id": "64231efaf45e0a0001832bf2",
    "first_name": "Garima",
    "last_name": "Sharma",
    "linkedin_url": "http://www.linkedin.com/in/garimasharma-24s",
    "title": "Linkedin Marketing Manager",
    "email_status": "verified",
    "photo_url": "https://media.licdn.com/dms/image/v2/D5603AQHnV5GNgZhcYA/profile-displayphoto-shrink_200_200/profile-displayphoto-shrink_200_200/0/1726028754670?e=2147483647&v=beta&t=2x0UdvnbUkU6sk-fXR9DUz8nePkQmcf7h3CnJaDo5Fw",
    "email": null,
    "company": "ITIO Innovex Pvt. Ltd.",
    "organization_id": "60aedb2efa42970001d32976",
    "company_data": {
      "id": "60aedb2efa42970001d32976",
      "name": "ITIO Innovex Pvt. Ltd.",
      "website_url": "http://www.itio.in",
      "blog_url": null,
      "angellist_url": null,
      "linkedin_url": "http://www.linkedin.com/company/itio-innovex",
      "twitter_url": null,
      "facebook_url": "https://www.facebook.com/ITIOInnovex/",
      "primary_phone": {
        "number": "+91 12046 38249",
        "source": "Scraped",
        "sanitized_number": "+911204638249"
      },
      "languages": [],
      "alexa_ranking": null,
      "phone": "+91 12046 38249",
      "linkedin_uid": "71564785",
      "founded_year": 2015,
      "publicly_traded_symbol": null,
      "publicly_traded_exchange": null,
      "logo_url": "https://zenprospect-production.s3.amazonaws.com/uploads/pictures/6841d12e2bdbb4000180d073/picture",
      "crunchbase_url": null,
      "primary_domain": "itio.in",
      "sanitized_phone": "+911204638249",
      "owned_by_organization_id": null,
      "organization_revenue_printed": null,
      "organization_revenue": 0.0,
      "intent_strength": null,
      "show_intent": true,
      "has_intent_signal_account": false,
      "intent_signal_account": null,
      "organization_headcount_six_month_growth": 0.1578947368421053,
      "organization_headcount_twelve_month_growth": 0.2452830188679245,
      "organization_headcount_twenty_four_month_growth": 0.4042553191489361
    }
  },
  {
    "id": "5f594d1120ac0f0001aedbaa",
    "first_name": "Rahul",
    "last_name": "Dangi",
    "linkedin_url": "http://www.linkedin.com/in/dangi-rahul",
    "title": "Founder and CEO",
    "email_status": "verified",
    "photo_url": "https://media.licdn.com/dms/image/v2/D4D03AQGLNwJkGm_ssQ/profile-displayphoto-shrink_200_200/profile-displayphoto-shrink_200_200/0/1679824090534?e=2147483647&v=beta&t=cjN-yYrmkif86WSbri2IVq49XJJTa0KtElo7jGN5oQ4",
    "email": null,
    "company": "Onelab Ventures",
    "organization_id": "60ba3eaab909a100f587b79f",
    "company_data": {
      "id": "60ba3eaab909a100f587b79f",
      "name": "Onelab Ventures",
      "website_url": "http://www.onelabventures.com",
      "blog_url": null,
      "angellist_url": null,
      "linkedin_url": "http://www.linkedin.com/company/onelab-ventures",
      "twitter_url": null,
      "facebook_url": null,
      "primary_phone": {
        "number": "+91 97846 41930",
        "source": "Scraped",
        "sanitized_number": "+919784641930"
      },
      "languages": [],
      "alexa_ranking": null,
      "phone": "+91 97846 41930",
      "linkedin_uid": "73816329",
      "founded_year": 2021,
      "publicly_traded_symbol": null,
      "publicly_traded_exchange": null,
      "logo_url": "https://zenprospect-production.s3.amazonaws.com/uploads/pictures/6844629222951500011cd438/picture",
      "crunchbase_url": null,
      "primary_domain": "onelabventures.com",
      "sanitized_phone": "+919784641930",
      "owned_by_organization_id": null,
      "organization_revenue_printed": null,
      "organization_revenue": 0.0,
      "intent_strength": null,
      "show_intent": true,
      "has_intent_signal_account": false,
      "intent_signal_account": null,
      "organization_headcount_six_month_growth": 0.08860759493670886,
      "organization_headcount_twelve_month_growth": 0.5925925925925926,
      "organization_headcount_twenty_four_month_growth": 2.44
    }
  },
  {
    "id": "606f4984bb92ae0001171c63",
    "first_name": "Niro",
    "last_name": "Knox",
    "linkedin_url": "http://www.linkedin.com/in/niroknox",
    "title": "Co-Founder",
    "email_status": "verified",
    "photo_url": "https://static.licdn.com/aero-v1/sc/h/9c8pery4andzj6ohjkjp54ma2",
    "email": null,
    "company": "RocketPod",
    "organization_id": "612707acb82b720001848cfe",
    "company_data": {
      "id": "612707acb82b720001848cfe",
      "name": "RocketPod",
      "website_url": "http://www.linke.to",
      "blog_url": null,
      "angellist_url": null,
      "linkedin_url": "http://www.linkedin.com/company/rocketpod",
      "twitter_url": null,
      "facebook_url": null,
      "primary_phone": {},
      "languages": [],
      "alexa_ranking": null,
      "phone": null,
      "linkedin_uid": "75000949",
      "founded_year": 2021,
      "publicly_traded_symbol": null,
      "publicly_traded_exchange": null,
      "logo_url": "https://zenprospect-production.s3.amazonaws.com/uploads/pictures/683e8dd22c21ef0001f3efe2/picture",
      "crunchbase_url": null,
      "primary_domain": "linke.to",
      "owned_by_organization_id": null,
      "organization_revenue_printed": null,
      "organization_revenue": 0.0,
      "intent_strength": null,
      "show_intent": true,
      "has_intent_signal_account": false,
      "intent_signal_account": null,
      "organization_headcount_six_month_growth": -0.3333333333333333,
      "organization_headcount_twelve_month_growth": 0.0,
      "organization_headcount_twenty_four_month_growth": null
    }
  },
  {
    "id": "669f48d58b24f7000198e044",
    "first_name": "Ty",
    "last_name": "Audronis",
    "linkedin_url": "http://www.linkedin.com/in/tyaudronis",
    "title": "Founder / CEO",
    "email_status": "verified",
    "photo_url": "https://media.licdn.com/dms/image/v2/D5603AQHKZnpX-pa5Zw/profile-displayphoto-shrink_200_200/profile-displayphoto-shrink_200_200/0/1728923180412?e=2147483647&v=beta&t=c_1DJ4wb23im83fF85XLVqR8gqTCv__BNw2pKVQIMxM",
    "email": null,
    "company": "Tempest Droneworx",
    "organization_id": "61eb9380fda4120001c638de",
    "company_data": {
      "id": "61eb9380fda4120001c638de",
      "name": "Tempest Droneworx\u2122",
      "website_url": "http://www.tempestdroneworx.com",
      "blog_url": null,
      "angellist_url": null,
      "linkedin_url": "http://www.linkedin.com/company/tempest-droneworx",
      "twitter_url": null,
      "facebook_url": "https://www.facebook.com/tempestdroneworx/",
      "primary_phone": {
        "number": "+1 281-675-2661",
        "source": "Scraped",
        "sanitized_number": "+12816752661"
      },
      "languages": [],
      "alexa_ranking": null,
      "phone": "+1 281-675-2661",
      "linkedin_uid": "76642385",
      "founded_year": 2021,
      "publicly_traded_symbol": null,
      "publicly_traded_exchange": null,
      "logo_url": "https://zenprospect-production.s3.amazonaws.com/uploads/pictures/684969a415f91100012eaf22/picture",
      "crunchbase_url": null,
      "primary_domain": "tempestdroneworx.com",
      "sanitized_phone": "+12816752661",
      "owned_by_organization_id": null,
      "organization_revenue_printed": null,
      "organization_revenue": 0.0,
      "intent_strength": null,
      "show_intent": true,
      "has_intent_signal_account": false,
      "intent_signal_account": null,
      "organization_headcount_six_month_growth": 0.0,
      "organization_headcount_twelve_month_growth": 0.4285714285714285,
      "organization_headcount_twenty_four_month_growth": 1.5
    }
  },
  {
    "id": "57d35093a6da9821972bdf91",
    "first_name": "Philippe",
    "last_name": "Chaniot",
    "linkedin_url": "http://www.linkedin.com/in/philippe-chaniot-395ba82",
    "title": "Chief Executive Officer",
    "email_status": "verified",
    "photo_url": "https://static.licdn.com/aero-v1/sc/h/9c8pery4andzj6ohjkjp54ma2",
    "email": null,
    "company": "Arcwide",
    "organization_id": "6217045b6209ff000178aa7e",
    "company_data": {
      "id": "6217045b6209ff000178aa7e",
      "name": "Arcwide",
      "website_url": "http://www.arcwide.com",
      "blog_url": null,
      "angellist_url": null,
      "linkedin_url": "http://www.linkedin.com/company/arcwide",
      "twitter_url": "https://twitter.com/ArcwideNews",
      "facebook_url": "https://facebook.com/arcwide/",
      "primary_phone": {
        "number": "+43 720 105300",
        "source": "Owler",
        "sanitized_number": "+43720105300"
      },
      "languages": [],
      "alexa_ranking": null,
      "phone": "+43 720 105300",
      "linkedin_uid": "82452354",
      "founded_year": 2022,
      "publicly_traded_symbol": null,
      "publicly_traded_exchange": null,
      "logo_url": "https://zenprospect-production.s3.amazonaws.com/uploads/pictures/684ad47559029d0001cab4c2/picture",
      "crunchbase_url": null,
      "primary_domain": "arcwide.com",
      "sanitized_phone": "+43720105300",
      "owned_by_organization_id": null,
      "organization_revenue_printed": null,
      "organization_revenue": 0.0,
      "intent_strength": null,
      "show_intent": true,
      "has_intent_signal_account": false,
      "intent_signal_account": null,
      "organization_headcount_six_month_growth": 0.008130081300813009,
      "organization_headcount_twelve_month_growth": 0.1481481481481481,
      "organization_headcount_twenty_four_month_growth": 0.7464788732394366
    }
  },
  {
    "id": "6773d913a5bcbe00015a089f",
    "first_name": "Siva",
    "last_name": "Sooriyan",
    "linkedin_url": "http://www.linkedin.com/in/sivavisakan",
    "title": "Co-Founder & CTO",
    "email_status": "verified",
    "photo_url": "https://media.licdn.com/dms/image/v2/C4E03AQGG6M94A7G5rg/profile-displayphoto-shrink_200_200/profile-displayphoto-shrink_200_200/0/1663365250518?e=2147483647&v=beta&t=qhxyU1-eKS6PGwsTy1xrQ0JO6tgoCzgDjt5mX3mauts",
    "email": null,
    "company": "Arcana",
    "organization_id": "627aa3dcd196ff008db7b293",
    "company_data": {
      "id": "627aa3dcd196ff008db7b293",
      "name": "Arcana",
      "website_url": "http://www.arcana.io",
      "blog_url": null,
      "angellist_url": null,
      "linkedin_url": "http://www.linkedin.com/company/arcanaanalytics",
      "twitter_url": "https://twitter.com/arcanaanalytics",
      "facebook_url": null,
      "primary_phone": {},
      "languages": [],
      "alexa_ranking": null,
      "phone": null,
      "linkedin_uid": "85871815",
      "founded_year": 2022,
      "publicly_traded_symbol": null,
      "publicly_traded_exchange": null,
      "logo_url": "https://zenprospect-production.s3.amazonaws.com/uploads/pictures/684d200e7fb7af0001a6e655/picture",
      "crunchbase_url": null,
      "primary_domain": "arcana.io",
      "owned_by_organization_id": null,
      "organization_revenue_printed": null,
      "organization_revenue": 0.0,
      "intent_strength": null,
      "show_intent": true,
      "has_intent_signal_account": false,
      "intent_signal_account": null,
      "organization_headcount_six_month_growth": 0.3333333333333333,
      "organization_headcount_twelve_month_growth": 0.8181818181818182,
      "organization_headcount_twenty_four_month_growth": 1.173913043478261
    }
  },
  {
    "id": "54aba37174686930075b4402",
    "first_name": "Pascal",
    "last_name": "Bovy",
    "linkedin_url": "http://www.linkedin.com/in/pascal-bovy-5677393",
    "title": "Co-fondateur et Data Scientist",
    "email_status": "verified",
    "photo_url": "https://media.licdn.com/dms/image/v2/C4E03AQEAy8RjY1Mn2g/profile-displayphoto-shrink_200_200/profile-displayphoto-shrink_200_200/0/1586352736083?e=2147483647&v=beta&t=mzyj9J-GFegPMB7Em8z2JprDTa8dAjFsobqwtRD7IYE",
    "email": null,
    "company": "WattaBase",
    "organization_id": "62fa78ff67fca900ca9eb5b9",
    "company_data": {
      "id": "62fa78ff67fca900ca9eb5b9",
      "name": "WattaBase",
      "website_url": "http://www.wattabase.com",
      "blog_url": null,
      "angellist_url": null,
      "linkedin_url": "http://www.linkedin.com/company/wattabase",
      "twitter_url": null,
      "facebook_url": null,
      "primary_phone": {},
      "languages": [],
      "alexa_ranking": null,
      "phone": null,
      "linkedin_uid": "86685974",
      "founded_year": 2022,
      "publicly_traded_symbol": null,
      "publicly_traded_exchange": null,
      "logo_url": "https://zenprospect-production.s3.amazonaws.com/uploads/pictures/683aea77444620000125f00b/picture",
      "crunchbase_url": null,
      "primary_domain": "wattabase.com",
      "owned_by_organization_id": null,
      "organization_revenue_printed": null,
      "organization_revenue": 0.0,
      "intent_strength": null,
      "show_intent": true,
      "has_intent_signal_account": false,
      "intent_signal_account": null,
      "organization_headcount_six_month_growth": 0.0,
      "organization_headcount_twelve_month_growth": -1.0,
      "organization_headcount_twenty_four_month_growth": 0.0
    }
  },
  {
    "id": "66fc2fcee7579f000179d591",
    "first_name": "Steven",
    "last_name": "Klooster",
    "linkedin_url": "http://www.linkedin.com/in/stevenklooster",
    "title": "CFO",
    "email_status": "verified",
    "photo_url": "https://media.licdn.com/dms/image/v2/C4E03AQGwRQpYspUijw/profile-displayphoto-shrink_200_200/profile-displayphoto-shrink_200_200/0/1599220521173?e=2147483647&v=beta&t=oX7kOSrL1VcwF8dsmvAAlPaZZZEQu89Pw6rQr0eHdJ8",
    "email": null,
    "company": "Clarity AI",
    "organization_id": "64a7a728af09e700c30a009f",
    "company_data": {
      "id": "64a7a728af09e700c30a009f",
      "name": "Clarity AI",
      "website_url": "http://www.hireclarity.ai",
      "blog_url": null,
      "angellist_url": null,
      "linkedin_url": "http://www.linkedin.com/company/hireclarityai",
      "twitter_url": null,
      "facebook_url": null,
      "primary_phone": {},
      "languages": [],
      "alexa_ranking": null,
      "phone": null,
      "linkedin_uid": "95755799",
      "founded_year": 2023,
      "publicly_traded_symbol": null,
      "publicly_traded_exchange": null,
      "logo_url": "https://zenprospect-production.s3.amazonaws.com/uploads/pictures/670a066660b0860001b8a16d/picture",
      "crunchbase_url": null,
      "primary_domain": "hireclarity.ai",
      "owned_by_organization_id": null,
      "organization_revenue_printed": null,
      "organization_revenue": 0.0,
      "intent_strength": null,
      "show_intent": true,
      "has_intent_signal_account": false,
      "intent_signal_account": null,
      "organization_headcount_six_month_growth": 0.0,
      "organization_headcount_twelve_month_growth": -0.25,
      "organization_headcount_twenty_four_month_growth": null
    }
  },
  {
    "id": "5f9fa5916011fa0001de383b",
    "first_name": "Michael",
    "last_name": "Riedler",
    "linkedin_url": "http://www.linkedin.com/in/michaelriedler",
    "title": "VP of Sales",
    "email_status": "verified",
    "photo_url": "https://media.licdn.com/dms/image/v2/D4E03AQG5S0X4QKtN5A/profile-displayphoto-shrink_200_200/B4EZRgQ6wZGYAY-/0/1736781836053?e=2147483647&v=beta&t=r5WczvLSysCs6tYs-pGGn8KzmSKuHV-Yj3byuJJIPJw",
    "email": null,
    "company": "ScrapIn",
    "organization_id": "6580312079780001c6f4cf2c",
    "company_data": {
      "id": "6580312079780001c6f4cf2c",
      "name": "ScrapIn",
      "website_url": "http://www.scrapin.io",
      "blog_url": null,
      "angellist_url": null,
      "linkedin_url": "http://www.linkedin.com/company/scrapin-api",
      "twitter_url": null,
      "facebook_url": null,
      "primary_phone": {},
      "languages": [],
      "alexa_ranking": null,
      "phone": null,
      "linkedin_uid": "100602385",
      "founded_year": 2020,
      "publicly_traded_symbol": null,
      "publicly_traded_exchange": null,
      "logo_url": "https://zenprospect-production.s3.amazonaws.com/uploads/pictures/68488d022672c4000178f92e/picture",
      "crunchbase_url": null,
      "primary_domain": "scrapin.io",
      "owned_by_organization_id": null,
      "organization_revenue_printed": null,
      "organization_revenue": 0.0,
      "intent_strength": null,
      "show_intent": true,
      "has_intent_signal_account": false,
      "intent_signal_account": null,
      "organization_headcount_six_month_growth": 0.0,
      "organization_headcount_twelve_month_growth": 3.0,
      "organization_headcount_twenty_four_month_growth": null
    }
  }
]