[
    {
        "id": "6733875f13b34700010e2509",
        "first_name": "Jonathan",
        "last_name": "Kenny",
        "linkedin_url": "http://www.linkedin.com/in/jonathan-kenny-91804033",
        "title": "CFO",
        "email_status": "verified",
        "photo_url": "https://static.licdn.com/aero-v1/sc/h/9c8pery4andzj6ohjkjp54ma2",
        "email": "jonathan.kenny@corelogic.com.au",
        "company": "RP Data",
        "organization_id": "556d55f9736964122654e200"
    },
    {
        "id": "57db958ba6da9868b3a0e035",
        "first_name": "Muhammad",
        "last_name": "Pasha",
        "linkedin_url": "http://www.linkedin.com/in/muhammad-nur-agmal-pasha-792721108",
        "title": "Founder",
        "email_status": "verified",
        "photo_url": "https://media.licdn.com/dms/image/C5603AQGbwHy9EzZB0A/profile-displayphoto-shrink_200_200/0/1517421732794?e=2147483647&v=beta&t=8yShL9zu2rgTZMpuqiYecuibBPFbLAZFIi-lfLLo54E",
        "email": "pm@doctrine.fr",
        "company": "Doctrine",
        "organization_id": "56e5de9ff3e5bb17f40040c4"
    },
    {
        "id": "6733875f13b34700010e2509",
        "first_name": "Jonathan",
        "last_name": "Kenny",
        "linkedin_url": "http://www.linkedin.com/in/jonathan-kenny-91804033",
        "title": "CFO",
        "email_status": "verified",
        "photo_url": "https://static.licdn.com/aero-v1/sc/h/9c8pery4andzj6ohjkjp54ma2",
        "email": null,
        "company": "RP Data",
        "organization_id": "556d55f9736964122654e200"
    },
    {
        "id": "57db958ba6da9868b3a0e035",
        "first_name": "Muhammad",
        "last_name": "Pasha",
        "linkedin_url": "http://www.linkedin.com/in/muhammad-nur-agmal-pasha-792721108",
        "title": "Founder",
        "email_status": "verified",
        "photo_url": "https://media.licdn.com/dms/image/C5603AQGbwHy9EzZB0A/profile-displayphoto-shrink_200_200/0/1517421732794?e=2147483647&v=beta&t=8yShL9zu2rgTZMpuqiYecuibBPFbLAZFIi-lfLLo54E",
        "email": null,
        "company": "Doctrine",
        "organization_id": "56e5de9ff3e5bb17f40040c4"
    },
    {
        "id": "66f64870c1d7ed000103c075",
        "first_name": "Sung",
        "last_name": "C",
        "linkedin_url": null,
        "title": "Founder and CEO",
        "email_status": "verified",
        "photo_url": "https://media.licdn.com/dms/image/v2/D5603AQGWciAoUGqAEQ/profile-displayphoto-shrink_200_200/profile-displayphoto-shrink_200_200/0/1730049707502?e=2147483647&v=beta&t=RS8uKNha-aqUxiriITyc-qGZ4cZWKO3AFRxWeqU67bs",
        "email": null,
        "company": "Chartmetric",
        "organization_id": "57c503a8a6da9869ff5098ff"
    },
    {
        "id": "6127f0f2771e03000135a926",
        "first_name": "Bahar",
        "last_name": "Ocuet",
        "linkedin_url": "http://www.linkedin.com/in/baharocut",
        "title": "Product Manager",
        "email_status": "verified",
        "photo_url": "https://media.licdn.com/dms/image/v2/D4E03AQE5sJcv3h7XMg/profile-displayphoto-shrink_200_200/profile-displayphoto-shrink_200_200/0/1686155843010?e=2147483647&v=beta&t=jrs12weJXYGKLHeHMC4xct4IfTQ3rVyPHNQ0Omc_hRo",
        "email": null,
        "company": "Kaizen Technology",
        "organization_id": "5c23166180f93e3c20f5e4a3"
    },
    {
        "id": "6359818e9aad2b0001539ded",
        "first_name": "Riyesh",
        "last_name": "Singh",
        "linkedin_url": "http://www.linkedin.com/in/riyesh-singh-30926120b",
        "title": "Vice President, Product",
        "email_status": "verified",
        "photo_url": "https://media.licdn.com/dms/image/v2/D4D03AQHLwtT3zuchIg/profile-displayphoto-shrink_200_200/B4DZQGuckEGgAY-/0/1735279627412?e=2147483647&v=beta&t=-xrj0r7WL_MUtiIkJaxW9u3TzpP8_pWw089k8iPw_JA",
        "email": null,
        "company": "Leadgenerator.io",
        "organization_id": "5c249773a3ae61ccdc15789e"
    },
    {
        "id": "68359e1715c3b60001b29214",
        "first_name": "Tapojit",
        "last_name": "D",
        "linkedin_url": null,
        "title": "Co-Founder, CTO",
        "email_status": "verified",
        "photo_url": "https://media.licdn.com/dms/image/v2/C4E03AQFlb-5QOWBvAA/profile-displayphoto-shrink_200_200/profile-displayphoto-shrink_200_200/0/1550104626480?e=2147483647&v=beta&t=Kj_HYlnSMy0Z0bO_oEs24OrAe4EsOH1YHpfnHA9mv5A",
        "email": null,
        "company": "Zams",
        "organization_id": "5ccb41307c1619095bac9b79"
    },
    {
        "id": "6704d8451a6c980001f3627e",
        "first_name": "Filip",
        "last_name": "Kristofiak",
        "linkedin_url": "http://www.linkedin.com/in/filip-kri%c5%a1tofiak-23527690",
        "title": "Data Engineer",
        "email_status": "verified",
        "photo_url": "https://media.licdn.com/dms/image/v2/D4E03AQHOGgvVOqqV_Q/profile-displayphoto-shrink_200_200/profile-displayphoto-shrink_200_200/0/1707056170577?e=2147483647&v=beta&t=7px88B-tlHXYVTdA1hoVHiArzRFBlB_BBhREKoeL_d8",
        "email": null,
        "company": "Novalytica AG",
        "organization_id": "5da35f4ffaa22600012e977b"
    },
    {
        "id": "61729efe5ae78f000197c218",
        "first_name": "Saktheeswaran",
        "last_name": "R",
        "linkedin_url": "http://www.linkedin.com/in/saktheeswaran1771",
        "title": "Founder",
        "email_status": "verified",
        "photo_url": "https://static.licdn.com/aero-v1/sc/h/9c8pery4andzj6ohjkjp54ma2",
        "email": null,
        "company": "Spidersoftech Data Services Private Limited",
        "organization_id": "5da42accddc632000101a702"
    },
    {
        "id": "6119cc424958280001e1efdd",
        "first_name": "Wilson",
        "last_name": "Chan",
        "linkedin_url": "http://www.linkedin.com/in/wilson-chan-428482",
        "title": "CEO / Founder",
        "email_status": "verified",
        "photo_url": "https://static.licdn.com/aero-v1/sc/h/9c8pery4andzj6ohjkjp54ma2",
        "email": null,
        "company": "permutable.ai",
        "organization_id": "5e5618021dcc380001ccc1fd"
    },
    {
        "id": "6214bf8b59eadb0001d3d4b9",
        "first_name": "Berk",
        "last_name": "Karadag",
        "linkedin_url": "http://www.linkedin.com/in/berk-karada%c4%9f-32283221a",
        "title": "Pazarlama",
        "email_status": "verified",
        "photo_url": null,
        "email": null,
        "company": "Memurlar.net",
        "organization_id": "5e561f564636bd0001e7f70b"
    },
    {
        "id": "66f1a031c589b20001d654f9",
        "first_name": "William",
        "last_name": "D",
        "linkedin_url": null,
        "title": "Chief Operating Officer (COO) and Chief Financial Officer (CFO)",
        "email_status": "verified",
        "photo_url": "https://static.licdn.com/aero-v1/sc/h/9c8pery4andzj6ohjkjp54ma2",
        "email": null,
        "company": "Edge Impulse",
        "organization_id": "5e566c8407939b0001369851"
    },
    {
        "id": "6700fb013bb8c20001ba69d8",
        "first_name": "Meet",
        "last_name": "Patel",
        "linkedin_url": "http://www.linkedin.com/in/meet-patel-9597751b9",
        "title": "Chief Technology Officer",
        "email_status": "verified",
        "photo_url": "https://media.licdn.com/dms/image/v2/C5603AQGmGGSLrqYvBg/profile-displayphoto-shrink_200_200/profile-displayphoto-shrink_200_200/0/1604431735758?e=2147483647&v=beta&t=Cm7IvmMBrmvBHUVsVzNefR_pP8OxZ0TgHpfoPbZF-IY",
        "email": null,
        "company": "Rentech Digital",
        "organization_id": "5e569777fcbbe40001eaf52b"
    },
    {
        "id": "67dc573e575260000118a0a4",
        "first_name": "Marcelo",
        "last_name": "Pires",
        "linkedin_url": "http://www.linkedin.com/in/marcelo-clay-pires",
        "title": "CFO - Chief Financial Officer",
        "email_status": "verified",
        "photo_url": "https://static.licdn.com/aero-v1/sc/h/9c8pery4andzj6ohjkjp54ma2",
        "email": null,
        "company": "Grupo Flow",
        "organization_id": "5f4a312493bf870001cce04f"
    },
    {
        "id": "5d5f0de6a3ae61925f3e8af1",
        "first_name": "Anubhav",
        "last_name": "Kumar",
        "linkedin_url": "http://www.linkedin.com/in/anubhavxkumar",
        "title": "Product Manager",
        "email_status": "verified",
        "photo_url": "https://media.licdn.com/dms/image/v2/D5603AQHSzFcYLGIh3A/profile-displayphoto-shrink_200_200/profile-displayphoto-shrink_200_200/0/1725038677217?e=2147483647&v=beta&t=awXmK-qYgFo-OAH64DNFSDcXSmCm3USY9ZsHuIdvjXA",
        "email": null,
        "company": "E42.ai",
        "organization_id": "5fa5b168fbd8cd00be35882f"
    },
    {
        "id": "664eb8c26fbfb30001c93a90",
        "first_name": "Neha",
        "last_name": "Padhiyar",
        "linkedin_url": "http://www.linkedin.com/in/neha-padhiyar-7675bb243",
        "title": "Hotel Sales Manager",
        "email_status": "verified",
        "photo_url": "https://static.licdn.com/aero-v1/sc/h/9c8pery4andzj6ohjkjp54ma2",
        "email": null,
        "company": "Welcome, an Optimizely Company",
        "organization_id": "60088329c778410136d5f476"
    },
    {
        "id": "66f956a315565c000178f1b5",
        "first_name": "Mitesh",
        "last_name": "Thakkar",
        "linkedin_url": "http://www.linkedin.com/in/mitesh-thakkar-93130a21",
        "title": "Chief Financial Officer (CFO) and Executive Director ",
        "email_status": "verified",
        "photo_url": "https://static.licdn.com/aero-v1/sc/h/9c8pery4andzj6ohjkjp54ma2",
        "email": null,
        "company": "Real Deals",
        "organization_id": "6035eb3915ad5000a512c2ac"
    },
    {
        "id": "611cfb012cc2ae0001d6abdf",
        "first_name": "Pavel",
        "last_name": "Mochalkin",
        "linkedin_url": "http://www.linkedin.com/in/pavelmochalkin",
        "title": "Chief Executive Officer",
        "email_status": "verified",
        "photo_url": "https://media.licdn.com/dms/image/v2/D4D03AQEbz4jgs9e62g/profile-displayphoto-shrink_200_200/profile-displayphoto-shrink_200_200/0/1697405423469?e=2147483647&v=beta&t=P6znBg_s2C80KHceR30rU54fdK2LodPGaVbX-ysWveA",
        "email": null,
        "company": "Urbi",
        "organization_id": "6087d5c01f078000fec12c5a"
    },
    {
        "id": "64231efaf45e0a0001832bf2",
        "first_name": "Garima",
        "last_name": "Sharma",
        "linkedin_url": "http://www.linkedin.com/in/garimasharma-24s",
        "title": "Linkedin Marketing Manager",
        "email_status": "verified",
        "photo_url": "https://media.licdn.com/dms/image/v2/D5603AQHnV5GNgZhcYA/profile-displayphoto-shrink_200_200/profile-displayphoto-shrink_200_200/0/1726028754670?e=2147483647&v=beta&t=2x0UdvnbUkU6sk-fXR9DUz8nePkQmcf7h3CnJaDo5Fw",
        "email": null,
        "company": "ITIO Innovex Pvt. Ltd.",
        "organization_id": "60aedb2efa42970001d32976"
    },
    {
        "id": "5f594d1120ac0f0001aedbaa",
        "first_name": "Rahul",
        "last_name": "Dangi",
        "linkedin_url": "http://www.linkedin.com/in/dangi-rahul",
        "title": "Founder and CEO",
        "email_status": "verified",
        "photo_url": "https://media.licdn.com/dms/image/v2/D4D03AQGLNwJkGm_ssQ/profile-displayphoto-shrink_200_200/profile-displayphoto-shrink_200_200/0/1679824090534?e=2147483647&v=beta&t=cjN-yYrmkif86WSbri2IVq49XJJTa0KtElo7jGN5oQ4",
        "email": null,
        "company": "Onelab Ventures",
        "organization_id": "60ba3eaab909a100f587b79f"
    },
    {
        "id": "606f4984bb92ae0001171c63",
        "first_name": "Niro",
        "last_name": "Knox",
        "linkedin_url": "http://www.linkedin.com/in/niroknox",
        "title": "Co-Founder",
        "email_status": "verified",
        "photo_url": "https://static.licdn.com/aero-v1/sc/h/9c8pery4andzj6ohjkjp54ma2",
        "email": null,
        "company": "RocketPod",
        "organization_id": "612707acb82b720001848cfe"
    },
    {
        "id": "669f48d58b24f7000198e044",
        "first_name": "Ty",
        "last_name": "Audronis",
        "linkedin_url": "http://www.linkedin.com/in/tyaudronis",
        "title": "Founder / CEO",
        "email_status": "verified",
        "photo_url": "https://media.licdn.com/dms/image/v2/D5603AQHKZnpX-pa5Zw/profile-displayphoto-shrink_200_200/profile-displayphoto-shrink_200_200/0/1728923180412?e=2147483647&v=beta&t=c_1DJ4wb23im83fF85XLVqR8gqTCv__BNw2pKVQIMxM",
        "email": null,
        "company": "Tempest Droneworx",
        "organization_id": "61eb9380fda4120001c638de"
    },
    {
        "id": "57d35093a6da9821972bdf91",
        "first_name": "Philippe",
        "last_name": "Chaniot",
        "linkedin_url": "http://www.linkedin.com/in/philippe-chaniot-395ba82",
        "title": "Chief Executive Officer",
        "email_status": "verified",
        "photo_url": "https://static.licdn.com/aero-v1/sc/h/9c8pery4andzj6ohjkjp54ma2",
        "email": null,
        "company": "Arcwide",
        "organization_id": "6217045b6209ff000178aa7e"
    },
    {
        "id": "6773d913a5bcbe00015a089f",
        "first_name": "Siva",
        "last_name": "Sooriyan",
        "linkedin_url": "http://www.linkedin.com/in/sivavisakan",
        "title": "Co-Founder & CTO",
        "email_status": "verified",
        "photo_url": "https://media.licdn.com/dms/image/v2/C4E03AQGG6M94A7G5rg/profile-displayphoto-shrink_200_200/profile-displayphoto-shrink_200_200/0/1663365250518?e=2147483647&v=beta&t=qhxyU1-eKS6PGwsTy1xrQ0JO6tgoCzgDjt5mX3mauts",
        "email": null,
        "company": "Arcana",
        "organization_id": "627aa3dcd196ff008db7b293"
    },
    {
        "id": "54aba37174686930075b4402",
        "first_name": "Pascal",
        "last_name": "Bovy",
        "linkedin_url": "http://www.linkedin.com/in/pascal-bovy-5677393",
        "title": "Co-fondateur et Data Scientist",
        "email_status": "verified",
        "photo_url": "https://media.licdn.com/dms/image/v2/C4E03AQEAy8RjY1Mn2g/profile-displayphoto-shrink_200_200/profile-displayphoto-shrink_200_200/0/1586352736083?e=2147483647&v=beta&t=mzyj9J-GFegPMB7Em8z2JprDTa8dAjFsobqwtRD7IYE",
        "email": null,
        "company": "WattaBase",
        "organization_id": "62fa78ff67fca900ca9eb5b9"
    },
    {
        "id": "66fc2fcee7579f000179d591",
        "first_name": "Steven",
        "last_name": "Klooster",
        "linkedin_url": "http://www.linkedin.com/in/stevenklooster",
        "title": "CFO",
        "email_status": "verified",
        "photo_url": "https://media.licdn.com/dms/image/v2/C4E03AQGwRQpYspUijw/profile-displayphoto-shrink_200_200/profile-displayphoto-shrink_200_200/0/1599220521173?e=2147483647&v=beta&t=oX7kOSrL1VcwF8dsmvAAlPaZZZEQu89Pw6rQr0eHdJ8",
        "email": null,
        "company": "Clarity AI",
        "organization_id": "64a7a728af09e700c30a009f"
    },
    {
        "id": "5f9fa5916011fa0001de383b",
        "first_name": "Michael",
        "last_name": "Riedler",
        "linkedin_url": "http://www.linkedin.com/in/michaelriedler",
        "title": "VP of Sales",
        "email_status": "verified",
        "photo_url": "https://media.licdn.com/dms/image/v2/D4E03AQG5S0X4QKtN5A/profile-displayphoto-shrink_200_200/B4EZRgQ6wZGYAY-/0/1736781836053?e=2147483647&v=beta&t=r5WczvLSysCs6tYs-pGGn8KzmSKuHV-Yj3byuJJIPJw",
        "email": null,
        "company": "ScrapIn",
        "organization_id": "6580312079780001c6f4cf2c"
    }
]